cms_id,supplement_tag_list,content_tag_list,operations_tag_list
65e0077773358196a16839be,[],['海龟'],['现实想象创意']
65e0077773358196a16839c3,[],['悉尼歌剧院'],['ColorPad付费包-版画地标']
65e0077773358196a16839c1,[],['圆顶教堂'],['ColorPad付费包-版画地标']
65e0077773358196a16839bf,[],['其他花'],['生机带来的希望']
65e0077773358196a16839c2,[],['里约热内卢基督像'],['ColorPad付费包-版画地标']
65e0077773358196a16839c0,[],['其他奇幻场景'],['魔法']
65e0077773358196a16839bd,[],['其他拟人化动物'],['ColorPad付费包-森林小动物']
65dffbb373358196a16837b6,[],['拟人鼠'],['经典童话再现']
65dffbb373358196a16837b9,[],['日式风格建筑'],['ColorPad付费包-版画地标']
65dffbb373358196a16837b7,[],['帆船'],['生活环境的宁静']
65dffbb373358196a16837b8,[],['奇幻树'],['现实重构']
65dffbb373358196a16837b5,[],['拟人鼠'],['ColorPad付费包-森林小动物']
65decccda64b6582fe061372,[],['大本钟'],['ColorPad付费包-版画地标']
65decccda64b6582fe061370,[],['拟人兔'],['ColorPad付费包-森林小动物']
65decccda64b6582fe061373,[],['具体城市'],['ColorPad付费包-版画地标']
65decccda64b6582fe061374,[],['美国自由女神像'],['ColorPad付费包-版画地标']
65decccda64b6582fe061371,[],['其他拟人化动物'],['ColorPad付费包-森林小动物']
65dd90a9a64b6582fe05fb63,[],['拟人熊'],['ColorPad付费包-森林小动物']
65decccda64b6582fe06136f,[],['拟人狐狸'],['ColorPad付费包-森林小动物']
65dec903a64b6582fe061353,[],['女士包'],['生活与节日']
65dec903a64b6582fe061352,[],['多种宠物'],['美好生活的喜悦']
65dec903a64b6582fe061356,[],['玛雅金字塔'],['架空世界']
65dec903a64b6582fe061355,[],['罂粟花'],['生机带来的希望']
65dec903a64b6582fe061354,[],['狮子'],['文化与图腾']
65a9e93aa64b6582fe02a866,[],['其他花'],"['iPad速写图', '生机带来的希望']"
65dd90a7a64b6582fe05fb61,[],['美国国会大厦'],['ColorPad付费包-版画地标']
65dd90a773358196a168059b,[],['牛'],['ColorPad付费包-图案装饰动物']
65dd7f1aa64b6582fe05f986,[],['美人鱼'],['魔法']
65dd7f1aa64b6582fe05f984,[],['巴士'],['美好事物带来的愉悦']
65dd7f1aa64b6582fe05f983,[],['仙人掌'],['生机带来的希望']
65dd7f1aa64b6582fe05f97e,[],['其他船'],"['神秘图', '美好事物带来的愉悦']"
65dd7f1aa64b6582fe05f982,[],['其他豹'],['生机带来的希望']
65dd7f1aa64b6582fe05f985,[],['鹦鹉'],['生机带来的希望']
65dd7f1aa64b6582fe05f97c,[],['多人'],['故事线-倒带人生']
65dd7f1aa64b6582fe05f980,[],['河流'],['自然环境的宁静']
65dd7f1aa64b6582fe05f979,[],['平铺图案'],"['ZenColor普通图', '秩序化图案']"
65dd7f1aa64b6582fe05f97f,[],['洗衣机'],['现实重构']
65dd7f1aa64b6582fe05f981,[],['孩子'],['兴趣活动的喜悦']
65dd7f1aa64b6582fe05f97b,[],['现代简约卧室'],['故事线-倒带人生']
65dd7f1aa64b6582fe05f97d,[],['多人'],['故事线-倒带人生']
65dd7f1aa64b6582fe05f97a,[],['抽象线条'],"['ZenColor普通图', '秩序化图案']"
65dd7f1aa64b6582fe05f978,[],['曼陀罗'],"['ZenColor普通图', '曼陀罗']"
65dc23db73358196a167e1f4,[],['面具'],['故事线-倒带人生']
65dc23db73358196a167e1fb,[],['牛'],['生机带来的希望']
65dc23db73358196a167e1fa,[],['猫头鹰'],['生机带来的希望']
65dc23db73358196a167e1fc,[],['蛋'],['美好事物带来的愉悦']
65dc23db73358196a167e1f9,[],['老人'],['美好生活的喜悦']
65dc23db73358196a167e1f8,[],['联排别墅'],['生活环境的宁静']
65dc23db73358196a167e1f7,[],['龙蛋'],['原创幻想']
65dc23db73358196a167e1f6,[],['其他幻想主体'],['科幻朋克']
65dc23db73358196a167e1f5,[],['多人'],['故事线-倒带人生']
65dc0ba773358196a167df8c,[],['蛋糕'],['美好事物带来的愉悦']
65d8831e73358196a167d42c,[],['欧美男性'],['故事线-倒带人生']
65d8831fa64b6582fe05ca48,[],['狐狸'],['生机带来的希望']
65d828f7a64b6582fe05bd89,[],['野餐'],['美好事物带来的愉悦']
65d828f7a64b6582fe05bd88,[],['孩子'],['宠物情']
65d828f7a64b6582fe05bd87,[],['情侣'],['爱情']
65d828f7a64b6582fe05bd85,[],['凤凰'],['神话']
65d828f7a64b6582fe05bd86,[],['柴犬'],['色彩之美']
65d828f7a64b6582fe05bd83,[],['街景一角'],['ColorPad付费包-全景大发现']
65d828f7a64b6582fe05bd84,[],['獾'],['生机带来的希望']
65d6bce2a64b6582fe05a5b5,[],['多种动物'],['经典童话再现']
65d6bce2a64b6582fe05a5b4,"['复用至ZC', '复用至VC']",['抽象线条'],['秩序化图案']
65d6bce2a64b6582fe05a5ae,[],['孩子'],['友情']
65d6bce2a64b6582fe05a5ad,[],['情侣'],['爱情']
65d6bce2a64b6582fe05a5b6,[],['天使'],['幻想主题创意']
65d6bce2a64b6582fe05a5b1,['试新'],['欧美日常女性'],['兴趣活动的喜悦']
65d6bce2a64b6582fe05a5ac,[],['多人'],['社会生活的喜悦']
65d6bce2a64b6582fe05a5b0,['试新'],['多种动物'],['生机带来的希望']
65d6bce2a64b6582fe05a5aa,[],['餐厅'],['生活环境的宁静']
65d6bce2a64b6582fe05a5b2,[],['沙发'],['美好事物带来的愉悦']
65d6bce2a64b6582fe05a5b3,[],['刺猬'],['生机带来的希望']
65d6bce2a64b6582fe05a5a8,[],['其他客厅'],['生活环境的宁静']
65d6bce2a64b6582fe05a5af,[],['池塘'],['生机带来的希望']
65d6bce2a64b6582fe05a5ab,[],['山陵'],['自然环境的宁静']
65d6bce2a64b6582fe05a5a2,[],['布偶猫'],['魔法']
65d6bce2a64b6582fe05a5a0,[],['仙女精灵'],['魔法']
65d6bce2a64b6582fe05a5a6,[],['街景一角'],['社会生活的喜悦']
65d6bce2a64b6582fe05a5a3,[],['其他奇幻场景'],['魔法']
65d6bce2a64b6582fe05a5a1,['试新'],['其他拟人化动物'],['拟人化']
65d6bce2a64b6582fe05a5a7,[],['其他房屋内饰'],['生活环境的宁静']
65d6bce2a64b6582fe05a5a9,[],['多人'],['社会生活的喜悦']
65d6bce2a64b6582fe05a5a5,[],['现代建筑'],['生活环境的宁静']
65d6bce2a64b6582fe05a5a4,['试新'],['孩子'],['经典童话再现']
65d6bce2a64b6582fe05a59a,[],['其他鸟'],['生机带来的希望']
65d6bce2a64b6582fe05a59f,[],['电车'],['生活环境的宁静']
65d6bce2a64b6582fe05a59d,[],['情侣'],"['故事线-倒带人生', '爱情']"
65d6bce2a64b6582fe05a59e,[],['欧美日常女性'],['兴趣活动的喜悦']
65d6bce2a64b6582fe05a594,[],['独栋房屋'],['生活环境的宁静']
65d6bce2a64b6582fe05a590,['试新'],['其他车'],['现实重构']
65d6bce2a64b6582fe05a59b,[],['其他豹'],['生机带来的希望']
65d6bce2a64b6582fe05a597,[],['现代建筑'],['生活环境的宁静']
65d6bce2a64b6582fe05a59c,[],['熊'],['生机带来的希望']
65d6bce2a64b6582fe05a598,[],['街景一角'],['生活环境的宁静']
65d6bce2a64b6582fe05a599,[],['海洋岛屿'],['自然环境的宁静']
65d6bce2a64b6582fe05a596,[],['现代简约卧室'],['生活环境的宁静']
65d6bce2a64b6582fe05a595,[],['现代建筑'],['生活环境的宁静']
65d6bce2a64b6582fe05a592,[],['现代建筑'],['创意建筑记录']
65d6bce2a64b6582fe05a593,[],['现代简约式客厅'],['生活环境的宁静']
65d6bce2a64b6582fe05a591,['试新'],['其他房屋内饰'],['秩序化建筑结构']
65d6bce2a64b6582fe05a58c,[],['现代简约式客厅'],['生活环境的宁静']
65d6bce2a64b6582fe05a58f,[],['仙女精灵'],['魔法']
65d6bce2a64b6582fe05a58d,[],['风化岩石'],['自然环境的宁静']
65d6bce2a64b6582fe05a58b,[],['盆栽绿植'],['生机带来的希望']
65d6bce2a64b6582fe05a58e,[],['其他动物'],['生机带来的希望']
65d6bce2a64b6582fe05a58a,['试新'],['其他奇幻场景'],['现实重构']
65d40951a64b6582fe057a19,[],['水果店'],['ColorPad付费包-全景大发现']
65d4086da64b6582fe0579e2,[],['街道'],['ColorPad付费包-全景大发现']
65d4085973358196a16782dc,[],['街道'],['ColorPad付费包-全景大发现']
65d4085aa64b6582fe0579db,[],['街道'],['ColorPad付费包-全景大发现']
65c48225a64b6582fe055949,[],['其他幻想主体'],['ColorPad付费包-荒诞动物']
65c324a673358196a1673c0b,[],['现代简约式客厅'],['生活环境的宁静']
65c324a5a64b6582fe052f3b,[],['家庭'],['亲情']
65c3247973358196a1673c04,[],['玩偶'],['美好事物带来的愉悦']
65c3245aa64b6582fe052f34,[],['街道'],['ColorPad付费包-全景大发现']
65c1fddb73358196a1672426,[],['梳妆盒台'],['美好事物带来的愉悦']
65c1fddc73358196a1672428,[],['留声机'],['美好事物带来的愉悦']
65c1fddba64b6582fe05174c,[],['其他车'],['美好事物带来的愉悦']
65c1fd9ea64b6582fe05172e,['试新'],['其他豹'],['生机带来的希望']
65c1fd9c73358196a1672403,['试新'],['欧美时尚女性'],['美好生活的喜悦']
65c1fd74a64b6582fe051720,[],['山陵'],['人工融入自然的宁静']
65c1fd52a64b6582fe05171b,[],['极光'],['自然环境的宁静']
65c1fd3b73358196a16723f2,[],['负鼠'],['生机带来的希望']
65c1fcc773358196a16723d3,[],['孩子'],['友情']
65c1fcc173358196a16723d0,[],['服装店'],['生活环境的宁静']
65c1fcc2a64b6582fe0516f9,[],['浴室'],['生活环境的宁静']
65c1fca0a64b6582fe0516ee,[],['多种动物'],['生机带来的希望']
65c1fbac73358196a167239d,[],['其他猫'],['美好生活的喜悦']
65c1fb98a64b6582fe0516ba,[],['花盆'],['美好事物带来的愉悦']
65c1fb7c73358196a167238a,[],['梨'],['生机带来的希望']
65c1fb6273358196a167237e,[],['家庭'],['ColorPad付费包-家庭时光']
65c1f790a64b6582fe0515df,[],['蘑菇屋'],['现实重构']
65c1b758a64b6582fe050ac9,[],['橘子'],['ColorPad付费包-东方静物']
65c1b74373358196a1671752,[],['家庭'],['ColorPad付费包-家庭时光']
65c1b742a64b6582fe050ac6,[],['其他奇幻场景'],['ColorPad付费包-荒诞动物']
65c1b74173358196a1671750,[],['巨嘴鸟'],['ColorPad付费包-荒诞动物']
65c0d41b73358196a16704c6,[],['花园工具'],['美好事物带来的愉悦']
65c0d343a64b6582fe04f784,['试新'],['大厅'],['秩序化建筑结构']
65c0d2baa64b6582fe04f71c,"['复用至ZC', '复用至VC']",['立体图案'],['秩序化图案']
65c0d2baa64b6582fe04f717,[],['猪'],['生机带来的希望']
65c0d2baa64b6582fe04f712,[],['田野'],['人工融入自然的宁静']
65c0d2baa64b6582fe04f715,[],['桌面摆件'],['ColorPad付费包-东方静物']
65c0d2baa64b6582fe04f718,[],['臭鼬'],['生机带来的希望']
65c0d2baa64b6582fe04f716,[],['蜡烛'],['美好事物带来的愉悦']
65c0d2baa64b6582fe04f714,[],['其他花'],['生机带来的希望']
65c0d2baa64b6582fe04f70e,['试新'],['美人鱼'],['魔法']
65c0d2baa64b6582fe04f71b,[],['欧美日常女性'],['兴趣活动的喜悦']
65c0d2baa64b6582fe04f70d,[],['鹰'],['色彩之美']
65c0d2baa64b6582fe04f70b,[],['山陵'],['自然环境的宁静']
65c0d2baa64b6582fe04f709,[],['多人'],['群体归属']
65c0d2baa64b6582fe04f713,['试新'],['其他狗'],['美好生活的喜悦']
65c0d2baa64b6582fe04f71a,[],['孩子'],['成就时刻的喜悦']
65c0d2baa64b6582fe04f719,[],['感恩节火鸡'],['生机带来的希望']
65c0d2baa64b6582fe04f708,[],['欧美日常女性'],['互帮互助的鼓舞']
65c0d2baa64b6582fe04f70c,['试新'],['其他车'],['现实想象创意']
65c0d2baa64b6582fe04f711,[],['小镇'],['生活环境的宁静']
65c0d2baa64b6582fe04f710,['试新'],['精灵'],['魔法']
65c0d2baa64b6582fe04f70f,['试新'],['巨人'],['魔法']
65c0d2baa64b6582fe04f707,['试新'],['丑小鸭'],['经典童话再现']
65c0d2baa64b6582fe04f70a,['试新'],['其他种族女性'],['兴趣活动的喜悦']
65c0d2baa64b6582fe04f706,[],['树'],['自然风光的宁静']
65c0d2baa64b6582fe04f705,[],['其他猫'],['生机带来的希望']
65c0d2baa64b6582fe04f700,[],['狮子'],['自然与生态']
65c0d2baa64b6582fe04f704,[],['虾'],['生机带来的希望']
65c0d2baa64b6582fe04f701,[],['多肉'],['生机带来的希望']
65c0d2baa64b6582fe04f703,[],['摩托车'],['美好事物带来的愉悦']
65c0d2baa64b6582fe04f702,['试新'],['仓鼠'],['生机带来的希望']
65c0d2baa64b6582fe04f6ff,[],['多种动物'],['拟人化']
65c0ce1e73358196a1670247,['试新'],['其他狗'],['美好生活的喜悦']
65c0ce1173358196a1670245,[],['其他猫'],['美好生活的喜悦']
65c0b32973358196a166fb01,[],['朋友'],['ColorPad付费包-家庭时光']
65c0b317a64b6582fe04ee47,[],['家庭'],['ColorPad付费包-家庭时光']
65c0b30b73358196a166faf9,[],['欧美日常女性'],['ColorPad付费包-家庭时光']
65c0b2dfa64b6582fe04ee24,[],['家庭'],['ColorPad付费包-家庭时光']
65c0b2cca64b6582fe04ee20,[],['其他船'],"['社会生活的喜悦', 'ColorPad付费包-全景大发现']"
65c0b2ac73358196a166fad0,[],['农舍'],"['社会生活的喜悦', 'ColorPad付费包-全景大发现']"
65c0b28a73358196a166facc,[],['农舍'],"['社会生活的喜悦', 'ColorPad付费包-全景大发现']"
65bcaecb73358196a1669610,[],['花瓶'],['ColorPad付费包-东方静物']
65bcaecb73358196a1669609,[],['驯鹿'],['生机带来的希望']
65bcaecb73358196a166960c,[],['独角兽'],['魔法']
65bcaecb73358196a166960a,[],['熊'],['自然与生态']
65bcaecb73358196a166960f,[],['盆栽绿植'],['ColorPad付费包-东方静物']
65bcaecb73358196a1669608,[],['其他猫'],['生机带来的希望']
65bcaecb73358196a166960b,[],['火山'],['现实重构']
65bcaecb73358196a1669606,[],['欧美日常女性'],['美好生活的喜悦']
65bcaecb73358196a1669604,['试新'],['多种动物'],['生机带来的希望']
65bcaecb73358196a1669611,[],['花瓶'],['ColorPad付费包-东方静物']
65bcaecb73358196a166960e,[],['其他乐器'],['美好事物带来的愉悦']
65bcaecb73358196a166960d,[],['宇航员'],['探索外太空']
65bcaecb73358196a1669607,[],['孩子'],"['ColorPad付费包-家庭时光', '宠物情']"
65bcaecb73358196a1669605,[],['大象'],['现实重构']
65bc5a24a64b6582fe047bae,[],['现代简约式客厅'],"['iPad速写图', '美好生活的喜悦']"
65bc5a24a64b6582fe047bad,[],['花瓶'],"['iPad付费包', '美好事物带来的愉悦']"
65bc5a24a64b6582fe047bab,[],['花瓶'],"['iPad付费包', '美好事物带来的愉悦']"
65bc5a24a64b6582fe047baa,[],['花瓶'],"['iPad付费包', '美好事物带来的愉悦']"
65bc5a24a64b6582fe047ba9,[],['多家庭房屋'],"['iPad速写图', '生活环境的宁静']"
65bc5a24a64b6582fe047ba8,[],['其他奇幻房屋'],"['iPad速写图', '现实重构']"
65bc5a24a64b6582fe047bac,[],['花瓶'],"['iPad付费包', '美好事物带来的愉悦']"
65bc5a24a64b6582fe047ba4,[],['海牛'],"['生机带来的希望', 'iPad速写图']"
65bc5a24a64b6582fe047ba7,['试新'],['西瓜'],"['iPad速写图', '生活与节日']"
65bc5a24a64b6582fe047ba3,[],['欧美日常女性'],"['宠物情', 'iPad速写图']"
65bc5a24a64b6582fe047ba6,[],['精灵'],"['彩绘作者包-Roisin_Sweeney', '经典童话再现']"
65bc5a24a64b6582fe047ba5,[],['孩子'],['故事线-倒带人生']
65bc5a24a64b6582fe047ba2,[],['多人'],"['亲情', 'iPad速写图']"
65bc5a24a64b6582fe047ba1,[],['家庭'],"['iPad付费包', '亲情']"
65bc5a24a64b6582fe047ba0,[],['其他奇幻动物'],"['iPad付费包', '原创幻想', 'ColorPad付费包-荒诞动物']"
65bc5a24a64b6582fe047b9f,[],['其他奇幻动物'],"['iPad付费包', 'ColorPad付费包-荒诞动物', '原创幻想']"
65bc5a24a64b6582fe047b9e,['试新'],['其他奇幻场景'],"['现实重构', 'iPad速写图']"
65bc5a24a64b6582fe047b9d,[],['其他奇幻场景'],"['现实重构', 'iPad速写图']"
65bc5a24a64b6582fe047b9b,[],['其他房屋内饰'],"['美好事物带来的愉悦', 'iPad速写图']"
65bc5a24a64b6582fe047b9c,[],['鲸鱼'],"['iPad速写图', '自然与生态']"
65bc5a24a64b6582fe047b98,[],['孩子'],"['宠物情', 'iPad速写图']"
65bc5a24a64b6582fe047b99,[],['梳妆盒台'],"['美好事物带来的愉悦', 'iPad速写图']"
65bc5a24a64b6582fe047b9a,[],['化妆品'],"['美好事物带来的愉悦', 'iPad速写图']"
65bc5a24a64b6582fe047b97,['试新'],['其他奇幻物品'],"['经典童话再现', 'iPad速写图']"
65bc5a24a64b6582fe047b96,['试新'],['其他奇幻场景'],"['架空世界', 'iPad速写图']"
65bc5a24a64b6582fe047b95,[],['其他猫'],"['彩绘作者包-Oleg_Gavrilov', '美好生活的喜悦']"
65bc5a24a64b6582fe047b94,[],['欧美日常女性'],"['iPad速写图', '兴趣活动的喜悦']"
65a748bdf4f3a2c24894167a,[],['多种动物'],"['iPad付费包', '生机带来的希望']"
65ae35ee73358196a1651c4a,[],['其他种族女性'],"['iPad付费包', '宠物情']"
65ae35ee73358196a1651c32,[],['小镇'],"['iPad付费包', '生活环境的宁静']"
65a748bdf4f3a2c24894167c,[],['多人'],"['iPad付费包', '社会生活的喜悦']"
65a748bdf4f3a2c24894167d,[],['多人'],"['iPad付费包', '社会生活的喜悦']"
65a62565f4f3a2c24893fa18,[],['世界名画'],"['iPad付费包', '美学风格']"
65a748bdf4f3a2c24894167e,[],['欧洲宫廷女性'],"['iPad付费包', '宠物情']"
65a748bdf4f3a2c24894167b,[],['多人'],"['iPad付费包', '社会生活的喜悦']"
65a62565f4f3a2c24893fa17,[],['多人'],"['iPad付费包', '美学风格']"
65b9c2a473358196a1663bcd,[],['多人'],['故事线-倒带人生']
65b9c2a473358196a1663bcb,[],['杯碟水壶'],['iPad速写图']
65b9c2a473358196a1663bca,[],['现代简约式客厅'],"['iPad速写图', '生活环境的宁静']"
65b9c2a473358196a1663bc8,['试新'],['其他狗'],"['iPad速写图', '美好事物带来的愉悦']"
65b9c2a473358196a1663bcc,[],['多人'],['故事线-倒带人生']
65b9c2a473358196a1663bc9,[],['宇航员'],"['iPad速写图', '探索外太空']"
65b9c2a473358196a1663bc7,['试新'],['猪'],"['iPad速写图', '美好事物带来的愉悦']"
65b8974ba64b6582fe040e88,[],['多种动物'],"['生机带来的希望', '神秘图']"
65b8974ba64b6582fe040e86,[],['其他奇幻场景'],"['iPad付费包', '原创幻想']"
65b8974ba64b6582fe040e7e,[],['多人'],['故事线-倒带人生']
65b8974ba64b6582fe040e8a,[],['街景一角'],['故事线-倒带人生']
65b8974ba64b6582fe040e82,[],['松鼠'],"['生机带来的希望', 'iPad速写图']"
65b8974ba64b6582fe040e85,[],['其他奇幻场景'],"['iPad付费包', '原创幻想']"
65b8974ba64b6582fe040e80,[],['多人'],['故事线-倒带人生']
65b8974ba64b6582fe040e87,[],['多人'],"['iPad付费包', '亲情']"
65b8974ba64b6582fe040e7c,[],['多人'],['故事线-倒带人生']
65b8974ba64b6582fe040e89,[],['王子公主'],['故事线-倒带人生']
65b8974ba64b6582fe040e79,[],['其他房屋内饰'],"['iPad付费包', '生活环境的宁静']"
65b8974ba64b6582fe040e81,[],['街道'],"['生活环境的宁静', '彩绘作者包-Haruka_Togai']"
65b8974ba64b6582fe040e8b,['试新'],['桥梁'],"['iPad速写图', '现实重构']"
65b8974ba64b6582fe040e7b,[],['街景一角'],"['iPad付费包', '生活环境的宁静']"
65b8974ba64b6582fe040e7a,[],['现代简约卧室'],"['iPad付费包', '生活环境的宁静']"
65b8974ba64b6582fe040e7d,[],['多人'],['故事线-倒带人生']
65b8974ba64b6582fe040e78,[],['厨房'],"['iPad付费包', '生活环境的宁静']"
65b8974ba64b6582fe040e83,[],['其他奇幻场景'],"['iPad付费包', '原创幻想']"
65b8974ba64b6582fe040e70,['试新'],['其他奇幻场景'],"['架空世界', 'iPad速写图']"
65b8974ba64b6582fe040e6f,[],['现代简约式客厅'],"['iPad速写图', '生活环境的宁静']"
65b8974ba64b6582fe040e76,[],['混杂蔬果'],"['iPad付费包', '美好事物带来的愉悦']"
65b8974ba64b6582fe040e84,[],['其他奇幻场景'],"['iPad付费包', '原创幻想']"
65b8974ba64b6582fe040e7f,[],['多人'],['故事线-倒带人生']
65b8974ba64b6582fe040e77,[],['小径'],"['iPad付费包', '生活环境的宁静']"
65b8974ba64b6582fe040e6d,[],['其他猫'],"['生机带来的希望', '彩绘作者包-Oleg_Gavrilov']"
65b8974ba64b6582fe040e74,[],['浴室'],"['iPad付费包', '生活环境的宁静']"
65b8974ba64b6582fe040e6c,"['复用至ZC', '复用至VC']",['抽象线条'],"['秩序化图案', 'ZenColor普通图']"
65b8974ba64b6582fe040e75,[],['其他房屋内饰'],"['iPad速写图', '生活环境的宁静']"
65b8974ba64b6582fe040e6b,"['复用至ZC', '复用至VC']",['立体图案'],"['秩序化图案', 'ZenColor普通图']"
65b8974ba64b6582fe040e6e,[],['精灵'],"['神秘图', 'iPad速写图']"
65b8974ba64b6582fe040e72,[],['现代简约卧室'],"['iPad速写图', '生活环境的宁静']"
65b8974ba64b6582fe040e67,[],['杯碟水壶'],"['美好事物带来的愉悦', 'iPad速写图']"
65b8974ba64b6582fe040e69,"['复用至ZC', '复用至VC']",['点阵图'],"['秩序化图案', 'ZenColor普通图']"
65b8974ba64b6582fe040e71,[],['独栋房屋'],"['iPad速写图', '生活环境的宁静']"
65b8974ba64b6582fe040e68,[],['桌椅'],"['美好事物带来的愉悦', 'iPad速写图']"
65b8974ba64b6582fe040e64,[],['其他狗'],"['iPad速写图', '美好生活的喜悦']"
65b8974ba64b6582fe040e61,['试新'],['其他奇幻场景'],"['架空世界', 'iPad速写图']"
65b8974ba64b6582fe040e5e,['试新'],['欧美日常女性'],"['iPad速写图', '科幻朋克']"
65b8974ba64b6582fe040e6a,"['复用至ZC', '复用至VC']",['立体图案'],"['秩序化图案', 'ZenColor普通图']"
65b8974ba64b6582fe040e73,[],['厨具'],"['美好事物带来的愉悦', 'iPad速写图']"
65b8974ba64b6582fe040e65,[],['其他车'],"['美好事物带来的愉悦', 'iPad速写图']"
65b8974ba64b6582fe040e5c,[],['狐狸'],"['iPad速写图', '自然与生态']"
65b8974ba64b6582fe040e66,[],['蛋糕'],"['美好事物带来的愉悦', 'iPad速写图']"
65b8974ba64b6582fe040e60,['试新'],['啤酒'],"['iPad速写图', '现实重构']"
65b8974ba64b6582fe040e5b,['试新'],['其他奇幻场景'],"['iPad速写图', '现实重构']"
65b8974ba64b6582fe040e62,['试新'],['其他狗'],"['现实重构', 'iPad速写图']"
65b8974ba64b6582fe040e5f,['试新'],['精灵'],"['iPad速写图', '魔法']"
65b8974ba64b6582fe040e63,[],['其他动物'],"['生机带来的希望', 'iPad速写图']"
65b8974ba64b6582fe040e5d,['试新'],['拟人鼠'],"['iPad速写图', '拟人化']"
65b8974ba64b6582fe040e5a,[],['其他狗'],"['彩绘作者包-Oleg_Gavrilov', '美好生活的喜悦']"
65b34f7ba64b6582fe03a8ed,[],['欧美日常女性'],['故事线-倒带人生']
65b34f7ba64b6582fe03a8ec,"['复用至ZC', '复用至VC']",['立体图案'],"['秩序化图案', 'ZenColor普通图']"
65b34f7ba64b6582fe03a8e9,['试新'],['蛋'],"['魔法', 'iPad速写图']"
65b34f7ba64b6582fe03a8eb,"['复用至ZC', '复用至VC']",['立体图案'],"['秩序化图案', 'ZenColor普通图']"
65b34f7ba64b6582fe03a8ef,[],['孩子'],"['美好生活的喜悦', '彩绘作者包-Mira_Rast']"
65b34f7ba64b6582fe03a8e5,[],['婴儿床'],"['iPad速写图', '美好事物带来的愉悦']"
65b34f7ba64b6582fe03a8e4,[],['孩子'],"['宠物情', '彩绘作者包-Brooke_Faulder']"
65b34f7ba64b6582fe03a8ee,[],['多人'],['故事线-倒带人生']
65b34f7ba64b6582fe03a8e8,[],['燕子'],"['生机带来的希望', '彩绘作者包-Mira_Rast']"
65b34f7ba64b6582fe03a8ea,['试新'],['其他猫'],"['现实重构', 'ZenColor普通图']"
65b34f7ba64b6582fe03a8e7,['试新'],['多人'],"['iPad速写图', '美好生活的喜悦']"
65b34f7ba64b6582fe03a8e6,[],['兔子'],"['iPad速写图', '生机带来的希望']"
65b34f7ba64b6582fe03a8e3,[],['帆船'],"['美好事物带来的愉悦', 'iPad速写图']"
65b1ffe4a64b6582fe037d14,"['复用至ZC', '复用至VC']",['平铺图案'],"['秩序化图案', 'ZenColor普通图']"
65b1ffe4a64b6582fe037d11,[],['其他花'],"['生机带来的希望', 'iPad速写图']"
65b1ffe4a64b6582fe037d15,"['复用至ZC', '复用至VC']",['立体图案'],"['秩序化图案', 'ZenColor普通图']"
65b1ffe4a64b6582fe037d10,[],['其他房屋内饰'],"['美好事物带来的愉悦', 'iPad速写图']"
65b1ffe4a64b6582fe037d18,"['复用至ZC', '复用至VC']",['平铺图案'],"['秩序化图案', 'ZenColor普通图']"
65b1ffe4a64b6582fe037d0b,[],['其他奇幻人物'],"['iPad速写图', '魔法']"
65b1ffe4a64b6582fe037d13,"['复用至ZC', '复用至VC']",['立体图案'],"['秩序化图案', 'ZenColor普通图']"
65b1ffe4a64b6582fe037d09,['试新'],['孩子'],"['iPad速写图', '美好生活的喜悦']"
65b1ffe4a64b6582fe037d0e,[],['拟人鼠'],"['iPad速写图', '拟人化']"
65b1ffe4a64b6582fe037d0d,['试新'],['其他奇幻场景'],"['架空世界', 'iPad速写图']"
65b1ffe4a64b6582fe037d16,"['复用至ZC', '复用至VC']",['瓶瓶罐罐'],"['禅绕画', 'ZenColor普通图']"
65b1ffe4a64b6582fe037d07,[],['其他服装'],"['iPad速写图', '美好事物带来的愉悦']"
65b1ffe4a64b6582fe037d17,"['复用至ZC', '复用至VC']",['平铺图案'],"['秩序化图案', 'ZenColor普通图']"
65b1ffe4a64b6582fe037d0f,[],['海洋'],"['自然环境的宁静', 'iPad速写图']"
65b1ffe4a64b6582fe037d0a,['试新'],['其他童话人物'],"['iPad速写图', '美好生活的喜悦']"
65b1ffe4a64b6582fe037d06,[],['多家庭房屋'],"['iPad付费包', '色彩之美']"
65b1ffe4a64b6582fe037d03,[],['老虎'],"['iPad付费包', '色彩之美']"
65b1ffe4a64b6582fe037d12,"['复用至ZC', '复用至VC']",['立体图案'],"['秩序化图案', 'ZenColor普通图']"
65b1ffe4a64b6582fe037d08,[],['橱柜'],"['iPad速写图', '美好事物带来的愉悦']"
65b1ffe4a64b6582fe037d04,[],['其他鸟'],"['iPad付费包', '色彩之美']"
65b1ffe4a64b6582fe037d0c,[],['北极熊'],"['生机带来的希望', 'iPad速写图']"
65b1ffe4a64b6582fe037d05,[],['俄罗斯套娃'],"['iPad速写图', '色彩之美']"
65a62565f4f3a2c24893fa03,[],['独栋房屋'],"['iPad速写图', '宁静']"
65b0ada373358196a16563b8,['试新'],['龙蛋'],"['魔法', 'iPad速写图']"
65b0ada373358196a16563b9,[],['糖果'],"['美好事物带来的愉悦', 'iPad速写图']"
65b0ada373358196a16563bb,"['复用至ZC', '复用至VC']",['立体图案'],"['秩序化图案', 'ZenColor普通图']"
65b0ada373358196a16563b5,['试新'],['其他种族女性'],"['iPad速写图', '美好生活的喜悦']"
65b0ada373358196a16563b6,[],['多人种多人'],"['群体归属', 'iPad速写图']"
65b0ada373358196a16563ba,[],['独栋房屋'],"['iPad速写图', '生活环境的宁静']"
65b0ada373358196a16563b4,['试新'],['印第安女'],"['iPad速写图', '美好生活的喜悦']"
65b0ada373358196a16563b7,[],['橱窗店面'],"['生活环境的宁静', '彩绘作者包-Haruka_Togai']"
65b06cdb73358196a1655809,[],['企鹅'],"['iPad速写图', '生机带来的希望']"
65b06cdb73358196a165580e,[],['其他客厅'],"['生活环境的宁静', '彩绘作者包-Haruka_Togai']"
65b06cdb73358196a165580d,[],['欧美日常女性'],"['美好生活的喜悦', '彩绘作者包-Camille_Leclerc']"
65b06cdb73358196a165580f,[],['浣熊'],"['生机带来的希望', 'iPad速写图']"
65b06cdb73358196a165580b,['试新'],['欧美日常女性'],"['iPad速写图', '美好生活的喜悦']"
65b06cdb73358196a165580a,[],['独栋房屋'],"['彩绘作者包-Haruka_Togai', '生活环境的宁静']"
65b06cdb73358196a165580c,[],['欧美日常女性'],"['美好生活的喜悦', '彩绘作者包-Camille_Leclerc']"
65b06cdb73358196a1655806,['试新'],['孩子'],"['iPad速写图', '美好生活的喜悦']"
65b06cdb73358196a1655808,['试新'],['其他奇幻场景'],"['iPad速写图', '原创幻想']"
659e389a7bc0f70db050bb0e,[],['其他奇幻人物'],"['彩绘作者包-Anne_Stokes', '魔法']"
65b06cdb73358196a1655807,['试新'],['拟人企鹅'],"['iPad速写图', '拟人化']"
65b06cdb73358196a1655805,[],['山陵'],"['iPad速写图', '自然与生态']"
659e389a7bc0f70db050bafb,[],['独栋房屋'],"['生活环境的宁静', '彩绘作者包-John_Zaccheo']"
65af59b0a64b6582fe032bae,[],['河流'],['iPad付费包']
65af59b0a64b6582fe032bad,[],['橘猫'],"['彩绘作者包-Mira_Rast', '美好生活的喜悦']"
65ae35ee73358196a1651c46,[],['其他鸟'],"['生机带来的希望', '彩绘作者包-Ducky']"
65ae35ee73358196a1651c3e,[],['奇幻鹿'],"['iPad速写图', '原创幻想']"
65ae35ee73358196a1651c38,[],['独栋房屋'],"['彩绘作者包-Guido_Borelli', '成图采购']"
65ae35ee73358196a1651c49,[],['独栋房屋'],"['iPad付费包', '生活与节日']"
65ae35ee73358196a1651c42,[],['多人'],"['iPad付费包', '色彩之美']"
65ae35ee73358196a1651c48,[],['其他奇幻人物'],"['文化与图腾', 'ColorPad付费包-版画埃及众神']"
65ae35ee73358196a1651c40,[],['欧洲古典式客厅'],"['彩绘作者包-Georgia Bennett', '生活环境的宁静']"
65ae35ee73358196a1651c37,[],['多种动物'],"['彩绘作者包-Claire_Comerford', '成图采购', '生机带来的希望']"
65ae35ee73358196a1651c4b,[],['多人'],"['iPad付费包', '色彩之美']"
65ae35ee73358196a1651c41,[],['河流湖泊'],"['iPad速写图', '自然环境的宁静']"
65ae35ee73358196a1651c44,['试新'],['其他种族女性'],"['iPad速写图', '美好生活的喜悦']"
65ae35ee73358196a1651c45,[],['独栋房屋'],"['彩绘作者包-徐同舟', '生活环境的宁静']"
65ae35ee73358196a1651c3b,[],['其他车'],"['iPad速写图', '美好事物带来的愉悦']"
65ae35ee73358196a1651c31,[],['河流'],"['iPad速写图', '自然环境的宁静']"
65ae35ee73358196a1651c47,[],['其他童话人物'],"['经典童话再现', '彩绘作者包-Roisin_Sweeney']"
65ae35ee73358196a1651c43,[],['独栋房屋'],"['iPad速写图', '生活环境的宁静']"
65ae35ee73358196a1651c3f,[],['松鼠'],"['彩绘作者包-徐同舟', '生机带来的希望']"
65ae35ee73358196a1651c3d,[],['拟人鼠'],"['iPad速写图', '拟人化']"
65ae35ee73358196a1651c3c,[],['沙发'],"['iPad速写图', '美好事物带来的愉悦']"
65ae35ee73358196a1651c3a,[],['混合甜点'],"['iPad速写图', '美好事物带来的愉悦']"
65ae35ee73358196a1651c36,[],['多人'],"['彩绘作者包-Trevor_Mitchell', '成图采购', '社会生活的喜悦']"
65ae35ee73358196a1651c39,[],['其他猫'],"['彩绘作者包- Nadia', '美好生活的喜悦', '成图采购']"
65ae35ee73358196a1651c34,[],['捕梦网'],"['iPad速写图', '美好事物带来的愉悦']"
65ae35ee73358196a1651c35,['试新'],['机器人'],"['iPad速写图', '人工智能']"
65ae35ee73358196a1651c33,[],['厨房'],"['iPad速写图', '生活环境的宁静']"
65ae35ee73358196a1651c30,[],['田野'],"['iPad速写图', '自然环境的宁静']"
65a9f73173358196a164c201,[],['猫头鹰'],"['iPad速写图', '自然与生态']"
65a9f73173358196a164c1fe,['试新'],['独栋房屋'],"['iPad速写图', '现实重构']"
65a9f73173358196a164c1fc,['试新'],['龙蛋'],"['iPad速写图', '魔法']"
65a9f73173358196a164c1ff,"['复用至ZC', '复用至VC']",['立体图案'],"['ZenColor普通图', '秩序化图案']"
65a9f73173358196a164c1fb,[],['其他奇幻人物'],"['iPad速写图', '魔法']"
65a9f73173358196a164c200,[],['其他房屋内饰'],"['iPad速写图', '生活环境的宁静']"
65a9f73173358196a164c1fd,['试新'],['拟人鸭'],"['iPad速写图', '拟人化']"
65a9f73173358196a164c1fa,[],['地球'],"['iPad速写图', '生活与节日']"
65a9f73173358196a164c1f9,[],['孩子'],"['iPad速写图', '美好生活的喜悦']"
65a9e93aa64b6582fe02a861,[],['现代简约卧室'],"['iPad速写图', '生活环境的宁静']"
65a9e93aa64b6582fe02a85f,[],['独栋房屋'],"['iPad速写图', '生活环境的宁静']"
65a9e93aa64b6582fe02a862,[],['其他花'],"['iPad速写图', '生机带来的希望']"
65a9e93aa64b6582fe02a864,[],['多人'],"['iPad速写图', '兴趣活动的喜悦']"
65a9e93aa64b6582fe02a860,[],['小径'],"['iPad速写图', '生活环境的宁静']"
65a9e93aa64b6582fe02a865,[],['其他拟人化动物'],"['iPad速写图', '拟人化']"
65a9e93aa64b6582fe02a863,[],['梅花鹿'],"['iPad速写图', '生机带来的希望']"
65a9e93aa64b6582fe02a85e,[],['湖泊'],"['iPad速写图', '自然环境的宁静']"
65a8bb9da64b6582fe0284e6,[],['多人'],['故事线-情感']
65a8bb9da64b6582fe0284e4,['复用至ZC'],['河流湖泊'],"['iPad速写图', '神秘图', '自然环境的宁静']"
65a8bb9da64b6582fe0284e2,[],['现代简约卧室'],"['iPad速写图', '生活环境的宁静']"
65a8bb9da64b6582fe0284e1,[],['王子公主'],"['iPad速写图', '幻想主题创意']"
65a8bb9da64b6582fe0284dd,[],['猩猩'],"['iPad速写图', '生机带来的希望']"
65a8bb9da64b6582fe0284e5,[],['其他种族女性'],"['iPad速写图', '文化与图腾']"
65a8bb9da64b6582fe0284df,[],['其他奇幻场景'],['故事线-小美人鱼']
65a8bb9da64b6582fe0284e3,['试新'],['鸡'],"['iPad速写图', '色彩之美']"
65a8bb9da64b6582fe0284e0,[],['其他车'],"['iPad速写图', '生活与节日']"
65a8bb9da64b6582fe0284de,[],['多人'],"['iPad速写图', '兴趣活动的喜悦']"
65a8bb9da64b6582fe0284dc,[],['鹦鹉'],"['iPad速写图', '生机带来的希望']"
65a77b1bf4f3a2c248941c63,"['复用至ZC', '复用至VC']",['水晶球'],"['禅绕画', 'ZenColor普通图']"
65a77b1bf4f3a2c248941c62,[],['曼陀罗'],"['ZenColor普通图', '曼陀罗']"
65a77b1bf4f3a2c248941c5b,[],['其他奇幻房屋'],"['iPad速写图', '现实重构']"
65a77b1bf4f3a2c248941c64,[],['其他花'],"['iPad速写图', '色彩之美']"
65a77b1bf4f3a2c248941c60,[],['缝纫机'],"['iPad速写图', '美好事物带来的愉悦']"
65a77b1bf4f3a2c248941c61,[],['鲸鱼'],"['iPad速写图', '生机带来的希望']"
65a77b1bf4f3a2c248941c5c,[],['王子公主'],"['iPad速写图', '爱情']"
65a77b1bf4f3a2c248941c5f,[],['其他花'],"['iPad速写图', '生机带来的希望']"
65a77b1bf4f3a2c248941c5d,[],['桌椅'],"['iPad速写图', '美好事物带来的愉悦']"
65a77b1bf4f3a2c248941c5e,[],['欧美日常女性'],"['iPad速写图', '美好生活的喜悦']"
65a77b1bf4f3a2c248941c5a,[],['其他奇幻房屋'],"['iPad速写图', '现实重构']"
65a77b1bf4f3a2c248941c59,[],['仙女精灵'],"['iPad速写图', '魔法']"
65a77b1bf4f3a2c248941c58,[],['独栋房屋'],"['iPad速写图', '生活环境的宁静']"
65a748bdf4f3a2c24894167f,[],['鹤'],"['iPad付费包', '自然与生态']"
65a748bdf4f3a2c248941682,[],['美人鱼'],['故事线-小美人鱼']
65a748bdf4f3a2c248941680,[],['美人鱼'],['故事线-小美人鱼']
65a748bdf4f3a2c248941679,[],['其他奇幻人物'],"['iPad付费包', '文化与图腾']"
65a748bdf4f3a2c248941675,[],['多人'],"['iPad速写图', '亲情']"
65a748bdf4f3a2c248941677,[],['孩子'],"['iPad速写图', '友情']"
65a748bdf4f3a2c248941681,[],['多人'],['故事线-小美人鱼']
65a748bdf4f3a2c248941678,[],['孩子'],"['iPad速写图', '兴趣活动的喜悦']"
65a748bdf4f3a2c248941676,[],['其他房屋内饰'],"['iPad速写图', '禅意场所']"
65a748bdf4f3a2c248941674,[],['房车'],"['iPad速写图', '美好事物带来的愉悦']"
65a62565f4f3a2c24893fa1a,[],['独栋房屋'],"['iPad付费包', '美学风格']"
65a62565f4f3a2c24893fa27,[],['其他奇幻场景'],['故事线-小美人鱼']
65a62565f4f3a2c24893fa21,[],['女巫'],['故事线-小美人鱼']
65a62565f4f3a2c24893fa1e,[],['老虎'],"['iPad付费包', '美学风格']"
65a62565f4f3a2c24893fa1d,[],['马'],"['iPad付费包', '美学风格']"
65a62565f4f3a2c24893fa1c,[],['富士山'],"['iPad付费包', '美学风格']"
65a62565f4f3a2c24893fa24,[],['欧美日常女性'],"['彩绘作者包-Camille_Leclerc', '生活与节日']"
65a62565f4f3a2c24893fa1b,[],['日本传统服饰女性'],"['iPad付费包', '美学风格']"
65a62565f4f3a2c24893fa23,[],['老鼠'],"['彩绘作者包-Roisin_Sweeney', '拟人化']"
65a62565f4f3a2c24893fa14,[],['其他奇幻人物'],"['iPad付费包', '文化与图腾']"
65a62565f4f3a2c24893fa12,[],['其他奇幻人物'],"['iPad付费包', '文化与图腾']"
65a62565f4f3a2c24893fa0f,[],['独栋房屋'],"['iPad速写图', '生活环境的宁静']"
65a62565f4f3a2c24893fa20,[],['其他奇幻场景'],['故事线-小美人鱼']
65a62565f4f3a2c24893fa1f,[],['王子公主'],['故事线-情感']
65a62565f4f3a2c24893fa0d,[],['奇幻树'],"['iPad速写图', '拟人化']"
65a62565f4f3a2c24893fa19,[],['日本传统服饰女性'],"['iPad付费包', '美学风格']"
65a62565f4f3a2c24893fa16,[],['其他奇幻人物'],"['iPad付费包', '文化与图腾']"
65a62565f4f3a2c24893fa28,[],['多人'],['故事线-小美人鱼']
65a62565f4f3a2c24893fa0b,[],['其他狗'],"['彩绘作者包-Larry_Jones', '美好生活的喜悦']"
65a62565f4f3a2c24893fa22,[],['美人鱼'],['故事线-小美人鱼']
65a62565f4f3a2c24893fa29,[],['仙女精灵'],['故事线-小美人鱼']
65a62565f4f3a2c24893fa26,[],['多人'],['故事线-小美人鱼']
65a62565f4f3a2c24893fa0c,[],['老虎'],"['iPad速写图', '自然与生态']"
65a62565f4f3a2c24893fa09,[],['其他花'],"['iPad速写图', '生机带来的希望']"
65a62565f4f3a2c24893fa00,[],['书'],"['iPad速写图', '美好事物带来的愉悦']"
65a62565f4f3a2c24893fa25,[],['街道'],"['彩绘作者包-Dennis_Lewan', '成图采购', '生活环境的宁静']"
65a62565f4f3a2c24893fa15,[],['其他奇幻人物'],"['iPad付费包', '文化与图腾']"
65a62565f4f3a2c24893fa13,[],['其他奇幻人物'],"['iPad付费包', '文化与图腾']"
65a62565f4f3a2c24893fa0a,[],['其他狗'],"['彩绘作者包-Brooke_Faulder', '美好生活的喜悦']"
65a62565f4f3a2c24893fa07,[],['其他猫'],"['iPad速写图', '美好生活的喜悦']"
65a62565f4f3a2c24893f9fe,[],['天使'],"['iPad速写图', '魔法']"
65a62565f4f3a2c24893fa11,[],['曼陀罗'],"['iPad速写图', '曼陀罗']"
65a62565f4f3a2c24893fa10,[],['湖泊'],"['iPad速写图', '自然环境的宁静']"
65a62565f4f3a2c24893fa04,[],['独栋房屋'],"['iPad速写图', '生活环境的宁静']"
65a62565f4f3a2c24893fa02,[],['独栋房屋'],"['iPad速写图', '生活环境的宁静']"
65a62565f4f3a2c24893fa0e,[],['独栋房屋'],"['iPad速写图', '生活环境的宁静']"
65a62565f4f3a2c24893f9f8,[],['湖泊'],"['iPad速写图', '自然环境的宁静']"
65a62565f4f3a2c24893fa01,[],['独栋房屋'],"['iPad速写图', '生活环境的宁静']"
65a62565f4f3a2c24893fa06,[],['独栋房屋'],"['iPad付费包', '生活与节日']"
65a62565f4f3a2c24893fa08,[],['狼'],"['iPad速写图', '生机带来的希望']"
65a62565f4f3a2c24893fa05,[],['独栋房屋'],"['iPad付费包', '生活与节日']"
65a62565f4f3a2c24893f9fb,[],['孩子'],"['iPad速写图', '宠物情']"
65a62565f4f3a2c24893f9ff,[],['曼陀罗'],"['ZenColor普通图', '曼陀罗']"
65a62565f4f3a2c24893f9fc,[],['孩子'],"['iPad速写图', '宠物情']"
65a62565f4f3a2c24893f9fa,[],['美人鱼'],['故事线-小美人鱼']
65a62565f4f3a2c24893f9fd,[],['多种动物'],"['iPad速写图', '生机带来的希望']"
65a62565f4f3a2c24893f9f9,[],['河流湖泊'],"['iPad速写图', '生活环境的宁静']"
65a0b8d7f4f3a2c2489391a4,[],['帆船'],['故事线-小美人鱼']
65a0b8d7f4f3a2c2489391a2,[],['其他奇幻人物'],"['iPad付费包', '文化与图腾']"
65a0b8d7f4f3a2c2489391a3,[],['桥梁'],"['iPad付费包', '美学风格']"
65a0b8d7f4f3a2c24893919b,[],['独栋房屋'],"['iPad付费包', '生活环境的宁静']"
65a0b8d7f4f3a2c2489391a5,[],['多人'],['故事线-小美人鱼']
65a0b8d7f4f3a2c24893919e,[],['海洋'],"['iPad速写图', '自然环境的宁静']"
65a0b8d7f4f3a2c24893919d,[],['狼'],"['iPad速写图', '生机带来的希望']"
65a0b8d7f4f3a2c24893919a,[],['独栋房屋'],"['iPad付费包', '生活环境的宁静']"
65a0b8d7f4f3a2c2489391a0,[],['海洋'],"['iPad速写图', '自然环境的宁静']"
65a0b8d7f4f3a2c24893919c,[],['其他花'],"['iPad速写图', '生机带来的希望']"
65a0b8d7f4f3a2c24893919f,[],['多人'],"['iPad速写图', '爱情']"
65a0b8d7f4f3a2c2489391a1,[],['其他奇幻人物'],"['iPad付费包', '文化与图腾']"
659bc4a9d0e2d694fbb0b690,[],['饼干'],"['iPad速写图', '生活与节日']"
65a0b8d7f4f3a2c248939199,[],['其他狗'],"['iPad速写图', '美好生活的喜悦']"
659fb8cd7bc0f70db050e272,[],['其他花'],"['iPad速写图', '生机带来的希望']"
659fb8cd7bc0f70db050e271,[],['其他物品'],"['iPad速写图', '美好事物带来的愉悦']"
659f6543f4f3a2c248936e04,[],['独栋房屋'],"['生活与节日', 'iPad付费包']"
659f6543f4f3a2c248936e00,[],['平铺图案'],"['ZenColor普通图', '秩序化图案']"
659f6543f4f3a2c248936e06,[],['独栋房屋'],"['生活与节日', 'iPad付费包']"
659f6543f4f3a2c248936e02,[],['独栋房屋'],"['iPad速写图', '生活环境的宁静']"
659f6543f4f3a2c248936e01,[],['独栋房屋'],"['iPad速写图', '生活环境的宁静']"
659f6543f4f3a2c248936dfe,[],['混杂蔬果'],"['iPad速写图', '美好事物带来的愉悦']"
659f6543f4f3a2c248936e03,[],['独栋房屋'],"['生活与节日', 'iPad付费包']"
659f6543f4f3a2c248936e05,[],['独栋房屋'],"['生活与节日', 'iPad付费包']"
659f6543f4f3a2c248936e07,[],['独栋房屋'],"['iPad速写图', '生活环境的宁静']"
659f6543f4f3a2c248936e08,[],['其他花'],"['iPad速写图', '生机带来的希望']"
659f6543f4f3a2c248936dff,[],['平铺图案'],"['ZenColor普通图', '秩序化图案']"
659f6543f4f3a2c248936dfb,[],['其他客厅'],"['iPad速写图', '生活环境的宁静']"
659f6543f4f3a2c248936dfc,[],['玫瑰'],"['iPad速写图', '生机带来的希望']"
659f6543f4f3a2c248936dfd,[],['树'],"['iPad速写图', '自然环境的宁静']"
659f6543f4f3a2c248936dfa,[],['欧美日常女性'],"['兴趣活动的喜悦', 'iPad速写图']"
659f43337bc0f70db050d280,[],['獾'],"['iPad速写图', '生机带来的希望']"
659f43337bc0f70db050d27f,[],['其他奇幻物品'],"['iPad速写图', '童话']"
659e389a7bc0f70db050bb19,[],['多人'],"['iPad速写图', '亲情']"
659e389a7bc0f70db050bb12,[],['其他奇幻人物'],"['彩绘作者包-Anne_Stokes', '成图采购', '魔法']"
659e389a7bc0f70db050bb0b,[],['美人鱼'],['故事线-小美人鱼']
659e389a7bc0f70db050bb0a,[],['美人鱼'],['故事线-小美人鱼']
659e389a7bc0f70db050bb17,[],['其他奇幻场景'],"['现实重构', 'iPad速写图']"
659e389a7bc0f70db050bb05,[],['其他奇幻物品'],"['iPad速写图', '现实重构']"
659e389a7bc0f70db050bb02,[],['化妆品'],"['iPad速写图', '生活与节日']"
659e389a7bc0f70db050bb00,[],['王子公主'],"['iPad速写图', '经典童话再现']"
659e389a7bc0f70db050bb16,[],['其他车'],"['iPad速写图', '生活与节日']"
659e389a7bc0f70db050bb15,[],['孩子'],"['iPad速写图', '生活与节日']"
659e389a7bc0f70db050bb13,[],['多家庭房屋'],"['iPad速写图', '生活环境的宁静']"
659e389a7bc0f70db050bb14,[],['欧美日常女性'],"['iPad速写图', '美好生活的喜悦']"
659e389a7bc0f70db050bb18,[],['欧美日常女性'],"['iPad速写图', '探索外太空']"
659e389a7bc0f70db050bafc,[],['其他奇幻人物'],"['魔法', 'iPad速写图']"
659e389a7bc0f70db050bb0d,[],['美人鱼'],['故事线-小美人鱼']
659e389a7bc0f70db050bb0f,[],['孩子'],"['彩绘作者包-Brooke_Faulder', '美好事物带来的愉悦']"
659e389a7bc0f70db050bb11,[],['小镇'],"['彩绘作者包-Dennis_Lewan', '生活环境的宁静']"
659e389a7bc0f70db050bb1a,[],['孩子'],"['iPad速写图', '宠物情']"
659e389a7bc0f70db050bb09,[],['美人鱼'],['故事线-小美人鱼']
659bc4a9d0e2d694fbb0b694,[],['其他花'],"['生机带来的希望', 'iPad速写图']"
659e389a7bc0f70db050bb10,[],['独栋房屋'],"['彩绘作者包-Geno_Peoples', '成图采购', '生活环境的宁静']"
659e389a7bc0f70db050bb0c,[],['美人鱼'],['故事线-小美人鱼']
659e389a7bc0f70db050bb04,[],['魔法师'],"['iPad速写图', '魔法']"
659e389a7bc0f70db050bb01,[],['曼陀罗'],"['iPad速写图', '秩序化图案']"
659e389a7bc0f70db050bb08,[],['奇幻城堡'],['故事线-小美人鱼']
659e389a7bc0f70db050baff,[],['其他拟人化动物'],"['拟人化', 'iPad速写图']"
659e389a7bc0f70db050bb03,[],['其他种族女性'],"['iPad速写图', '生活与节日']"
659e389a7bc0f70db050bb07,[],['混杂蔬果'],"['iPad速写图', '美好事物带来的愉悦']"
659e389a7bc0f70db050bafd,[],['精灵'],"['iPad速写图', '童话']"
659e389a7bc0f70db050bb06,[],['独栋房屋'],"['iPad速写图', '生活环境的宁静']"
659e389a7bc0f70db050bafe,[],['王子公主'],"['经典童话再现', 'iPad速写图']"
659bc504d0e2d694fbb0b6d4,[],[],[]
659bc504d0e2d694fbb0b6c9,[],[],[]
659bc504d0e2d694fbb0b6d3,[],[],[]
659bc504d0e2d694fbb0b6d2,[],[],[]
659bc504d0e2d694fbb0b6d5,[],[],[]
659bc504d0e2d694fbb0b6c4,[],[],[]
659bc504d0e2d694fbb0b6d0,[],[],[]
659bc504d0e2d694fbb0b6c0,[],[],[]
659bc504d0e2d694fbb0b6bd,[],[],[]
659bc504d0e2d694fbb0b6d1,[],[],[]
659bc504d0e2d694fbb0b6bf,[],[],[]
659bc504d0e2d694fbb0b6ce,[],[],[]
659bc504d0e2d694fbb0b6cf,[],[],[]
659bc504d0e2d694fbb0b6cc,[],[],[]
659bc504d0e2d694fbb0b6cb,[],[],[]
659bc504d0e2d694fbb0b6cd,[],[],[]
659bc504d0e2d694fbb0b6c3,[],[],[]
659bc4a9d0e2d694fbb0b693,[],[],[]
659bc504d0e2d694fbb0b6c2,[],[],[]
659bc504d0e2d694fbb0b6ba,[],[],[]
659bc504d0e2d694fbb0b6ca,[],[],[]
659bc504d0e2d694fbb0b6c8,[],[],[]
659bc4a9d0e2d694fbb0b68d,[],[],[]
659bc504d0e2d694fbb0b6bc,[],[],[]
659bc4a9d0e2d694fbb0b691,[],[],[]
659bc504d0e2d694fbb0b6b8,[],[],[]
659bc504d0e2d694fbb0b6c7,[],[],[]
659bc504d0e2d694fbb0b6b7,[],[],[]
659bc504d0e2d694fbb0b6c1,[],[],[]
659bc504d0e2d694fbb0b6c6,[],[],[]
659bc504d0e2d694fbb0b6c5,[],[],[]
659bc4a9d0e2d694fbb0b68c,[],[],[]
659bc4a9d0e2d694fbb0b68a,[],[],[]
659bc504d0e2d694fbb0b6bb,[],[],[]
659bc504d0e2d694fbb0b6be,[],[],[]
659bc504d0e2d694fbb0b6b6,[],[],[]
659bc4a9d0e2d694fbb0b68e,[],[],[]
659bc504d0e2d694fbb0b6b1,[],[],[]
659bc4a9d0e2d694fbb0b688,[],[],[]
659bc4a9d0e2d694fbb0b692,[],[],[]
659bc4a9d0e2d694fbb0b68f,[],[],[]
659bc504d0e2d694fbb0b6b9,[],[],[]
659bc4a9d0e2d694fbb0b685,[],[],[]
659bc4a9d0e2d694fbb0b684,[],[],[]
659bc504d0e2d694fbb0b6ae,[],[],[]
659bc4a9d0e2d694fbb0b687,[],[],[]
659bc4a9d0e2d694fbb0b680,[],[],[]
659bc504d0e2d694fbb0b6b5,[],[],[]
659bc504d0e2d694fbb0b6b4,[],[],[]
659bc504d0e2d694fbb0b6b0,[],[],[]
659bc504d0e2d694fbb0b6b3,[],[],[]
659bc4a9d0e2d694fbb0b67d,[],[],[]
659bc504d0e2d694fbb0b6a6,[],[],[]
659bc4a9d0e2d694fbb0b676,[],[],[]
659bc4a9d0e2d694fbb0b68b,[],[],[]
659bc4a9d0e2d694fbb0b686,[],[],[]
659bc504d0e2d694fbb0b6ac,[],[],[]
659bc504d0e2d694fbb0b6b2,[],[],[]
659bc504d0e2d694fbb0b6af,[],[],[]
659bc4a9d0e2d694fbb0b682,[],[],[]
659bc4a9d0e2d694fbb0b67f,[],[],[]
659bc4a9d0e2d694fbb0b679,[],[],[]
659bc4a9d0e2d694fbb0b689,[],[],[]
659bc4a9d0e2d694fbb0b673,[],[],[]
659bc4a9d0e2d694fbb0b683,[],[],[]
659bc4a9d0e2d694fbb0b674,[],[],[]
659bc504d0e2d694fbb0b6aa,[],[],[]
659bc504d0e2d694fbb0b6ad,[],[],[]
659bc4a9d0e2d694fbb0b67a,[],[],[]
659bc4a9d0e2d694fbb0b66d,[],[],[]
659bc504d0e2d694fbb0b6ab,[],[],[]
659bc4a9d0e2d694fbb0b677,[],[],[]
659bc4a9d0e2d694fbb0b672,[],[],[]
659bc4a9d0e2d694fbb0b681,[],[],[]
659bc504d0e2d694fbb0b6a9,[],[],[]
659bc4a9d0e2d694fbb0b67e,[],[],[]
659bc4a9d0e2d694fbb0b67c,[],[],[]
659bc4a9d0e2d694fbb0b67b,[],[],[]
659bc4a9d0e2d694fbb0b678,[],[],[]
659bc504d0e2d694fbb0b6a8,[],[],[]
659bc504d0e2d694fbb0b6a5,[],[],[]
659bc4a9d0e2d694fbb0b675,[],[],[]
659bc504d0e2d694fbb0b6a7,[],[],[]
659bc4a9d0e2d694fbb0b670,[],[],[]
659bc4a9d0e2d694fbb0b671,[],[],[]
659bc4a9d0e2d694fbb0b66e,[],[],[]
659bc4a9d0e2d694fbb0b66f,[],[],[]
659bc4a9d0e2d694fbb0b66a,[],[],[]
659bc4a9d0e2d694fbb0b66b,[],[],[]
659bc4a9d0e2d694fbb0b668,[],[],[]
659bc4a9d0e2d694fbb0b66c,[],[],[]
659bc4a9d0e2d694fbb0b667,[],[],[]
659bc4a9d0e2d694fbb0b669,[],[],[]
659bc4a9d0e2d694fbb0b665,[],[],[]
659bc4a9d0e2d694fbb0b664,[],[],[]
659bc4a9d0e2d694fbb0b666,[],[],[]
659bc4a9d0e2d694fbb0b663,[],[],[]
659bc37629b00e0d9f7f18fd,[],[],[]
659bc37629b00e0d9f7f18fa,[],[],[]
659bc37629b00e0d9f7f18f7,[],[],[]
659bc37629b00e0d9f7f18ff,[],[],[]
659bc37629b00e0d9f7f18fe,[],[],[]
659bc37629b00e0d9f7f18f8,[],[],[]
659bc37629b00e0d9f7f18f0,[],[],[]
659bc37629b00e0d9f7f18f3,[],[],[]
659bc37629b00e0d9f7f18fb,[],[],[]
659bc37629b00e0d9f7f18f2,[],[],[]
659bc37629b00e0d9f7f18f1,[],[],[]
659bc37629b00e0d9f7f18ef,[],[],[]
659bc37629b00e0d9f7f18f9,[],[],[]
659bc37629b00e0d9f7f18ed,[],[],[]
659bc37629b00e0d9f7f18fc,[],[],[]
659bc37629b00e0d9f7f18e8,[],[],[]
659bc37629b00e0d9f7f18f5,[],[],[]
659bc37629b00e0d9f7f18ec,[],[],[]
659bc37629b00e0d9f7f18f6,[],[],[]
659bc37629b00e0d9f7f18e9,[],[],[]
659bc37629b00e0d9f7f18f4,[],[],[]
659bc37629b00e0d9f7f18ee,[],[],[]
659bc37629b00e0d9f7f18eb,[],[],[]
659bc37629b00e0d9f7f18e7,[],[],[]
659bc37629b00e0d9f7f18ea,[],[],[]
659bc37629b00e0d9f7f18e6,[],[],[]
659bc37629b00e0d9f7f18e4,[],[],[]
659bc37629b00e0d9f7f18e5,[],[],[]
659bc37629b00e0d9f7f18e3,[],[],[]
6584154a187730e940eac75d,['夜晚'],['飞机'],['puzzle关卡测试']
6584070a5d540df3cae34790,[],[],[]
