cms_id,supplement_tag_list_x,content_tag_list_x,operations_tag_list_x,supplement_tag_list_y,content_tag_list_y,operations_tag_list_y,Difference
629785bfc8e2be0001c0d746,special,[],[],special,['无名花'],['一般彩绘'],True
614ac63e38e2c50001653269,special,[],[],special,['獭'],['一般彩绘'],True
62d62a85814fa10001c3d23b,unset,[],['ZenColor速写图'],unset,['女人'],"['ZenColor速写图', '宁静']",True
632045ab3fe5b8000128e002,unset,[],"['禅意场所', 'ZenColor速写图']",unset,['中式建筑'],"['禅意场所', 'ZenColor速写图']",True
631aece03fe5b800012887fe,unset,[],"['生机带来的希望', 'ZenColor速写图']",unset,['土拨鼠'],"['生机带来的希望', 'ZenColor速写图']",True
6319bee63fe5b80001285d4b,unset,[],"['禅绕画', 'ZenColor普通图']",unset,['禅绕画'],"['禅绕画', 'ZenColor普通图']",True
6319bee73fe5b80001285d4d,unset,[],"['禅绕画', 'ZenColor普通图']",unset,['禅绕画'],"['禅绕画', 'ZenColor普通图']",True
63171fd13fe5b8000127df8d,unset,[],"['ZenColor普通图', '禅绕画']",unset,['禅绕画'],"['ZenColor普通图', '禅绕画']",True
63171fcb3fe5b8000127df82,unset,[],"['ZenColor普通图', '禅绕画']",unset,['禅绕画'],"['ZenColor普通图', '禅绕画']",True
63171fbe3fe5b8000127df62,unset,[],"['ZenColor普通图', '禅绕画']",unset,['禅绕画'],"['ZenColor普通图', '禅绕画']",True
6315c8943fe5b8000127a2de,unset,[],"['禅绕画', 'ZenColor普通图']",unset,['禅绕画'],"['禅绕画', 'ZenColor普通图']",True
631088d43fe5b8000127123a,unset,[],"['ZenColor普通图', '生机带来的希望']",unset,['无名花'],"['ZenColor普通图', '秩序化实体']",True
631088cd3fe5b8000127122b,unset,[],['ZenColor速写图'],unset,['无名花'],"['ZenColor速写图', '宁静']",True
630f4fb73fe5b8000126e355,unset,[],"['美好事物带来的愉悦', 'ZenColor速写图']",unset,['花篮'],"['美好事物带来的愉悦', 'ZenColor速写图']",True
630e04793fe5b8000126a55c,unset,[],"['ZenColor普通图', '生机带来的希望']",unset,['无名花'],"['ZenColor普通图', '秩序化实体']",True
630e046e3fe5b8000126a54c,unset,[],['ZenColor速写图'],unset,['无名花'],"['ZenColor速写图', '希望']",True
630e045f3fe5b8000126a538,unset,[],"['ZenColor速写图', '美好事物带来的愉悦']",unset,['汽车'],"['ZenColor速写图', '美好事物带来的愉悦']",True
63063ea5cd10560001345b2e,unset,[],"['ZenColor普通图', '秩序化图案']",unset,['抽象画风'],"['ZenColor普通图', '秩序化图案']",True
6306367dcd105600013459cd,unset,[],['ZenColor速写图'],unset,['树木'],"['ZenColor速写图', '宁静']",True
63063664cd105600013459c9,unset,[],"['ZenColor普通图', '生机带来的希望']",unset,['鸟'],"['ZenColor普通图', '秩序化实体']",True
63063657cd105600013459c6,unset,[],['ZenColor速写图'],unset,['日式建筑'],"['ZenColor速写图', '狭义Zen']",True
63063641cd105600013459c4,special,[],['ZenColor彩绘图'],special,['滑雪'],"['ZenColor彩绘图', '兴趣']",True
63035a88741f9700015c1c05,unset,[],['ZenColor速写图'],unset,['日式建筑'],"['ZenColor速写图', '狭义Zen']",True
63035a86741f9700015c1c03,unset,[],['ZenColor速写图'],unset,['中式建筑'],"['ZenColor速写图', '狭义Zen']",True
63033d96741f9700015c11e3,unset,[],['ZenColor速写图'],unset,['城市小镇'],"['ZenColor速写图', '宁静']",True
63033d9e741f9700015c11fd,unset,[],['ZenColor速写图'],unset,['女人'],"['ZenColor速写图', '兴趣']",True
63033d9a741f9700015c11ea,unset,[],['ZenColor速写图'],unset,['猫'],"['ZenColor速写图', '宁静']",True
63033d99741f9700015c11e7,unset,[],['ZenColor速写图'],unset,['厅堂内景'],"['ZenColor速写图', '宁静']",True
63033d97741f9700015c11e5,unset,[],"['ZenColor彩绘图', '美好事物带来的愉悦']",unset,['汽车'],"['ZenColor彩绘图', '美好事物带来的愉悦']",True
62ff547e741f9700015bdcf5,unset,[],['美好事物带来的愉悦'],unset,['快餐'],"['Zen调性', '美好事物带来的愉悦']",True
62fe0e7f741f9700015ba701,unset,[],"['秩序化图案', 'ZenColor普通图']",unset,['桥梁灯塔'],"['秩序化图案', 'ZenColor普通图']",True
62fe0e7e741f9700015ba6ff,unset,[],['ZenColor速写图'],unset,['茶杯水壶'],"['狭义Zen', 'ZenColor速写图']",True
62fe0e81741f9700015ba704,unset,[],['美好事物带来的愉悦'],unset,['面条'],"['美好事物带来的愉悦', 'Zen调性']",True
62fe0e64741f9700015ba6e2,unset,['莲花'],['ZenColor速写图'],unset,"['莲花', '公园']","['希望', 'ZenColor速写图']",True
62fe0e56741f9700015ba6df,unset,[],['ZenColor速写图'],unset,['足球橄榄球'],"['兴趣', 'ZenColor速写图']",True
62fe0e48741f9700015ba6cd,unset,[],[],unset,['厅堂内景'],"['宁静', 'Zen调性']",True
62fe0e3a741f9700015ba6be,unset,[],['ZenColor速写图'],unset,['厅堂内景'],"['宁静', 'ZenColor速写图']",True
62fe0e0b741f9700015ba692,unset,[],[],unset,['汽车'],"['兴趣', 'Zen调性']",True
62fe0e09741f9700015ba68e,unset,[],['ZenColor速写图'],unset,['女人'],"['宁静', 'ZenColor速写图']",True
62fe0e07741f9700015ba689,unset,[],"['秩序化图案', 'ZenColor普通图']",unset,['平铺'],"['秩序化图案', 'ZenColor普通图']",True
62fe0e12741f9700015ba6a0,unset,[],['ZenColor速写图'],unset,['河'],"['宁静', 'ZenColor速写图']",True
62fe0e0a741f9700015ba690,unset,[],['ZenColor速写图'],unset,['女人'],"['兴趣', 'ZenColor速写图']",True
62fe0e01741f9700015ba67e,unset,[],"['美好事物带来的愉悦', 'ZenColor速写图']",unset,['狗'],"['美好事物带来的愉悦', 'ZenColor速写图']",True
62fe0e00741f9700015ba67c,unset,[],['ZenColor速写图'],unset,['桥梁灯塔'],"['宁静', 'ZenColor速写图']",True
62fb75fc741f9700015b1d60,unset,[],[],unset,['城市小镇'],"['宁静', 'Zen调性']",True
62fb7601741f9700015b1d6a,unset,[],"['ZenColor速写图', '美好生活的喜悦']",unset,['女人'],"['喜悦', 'ZenColor速写图']",True
62fb75ee741f9700015b1d41,unset,[],"['宠物情', 'ZenColor速写图']",unset,['猫'],"['宠物情', 'ZenColor速写图']",True
62fb75fe741f9700015b1d64,unset,[],['ZenColor速写图'],unset,['鹿'],"['宁静', 'ZenColor速写图']",True
62fb75fa741f9700015b1d5b,special,[],"['ZenColor彩绘图', '美好事物带来的愉悦']",special,['汽车'],"['ZenColor彩绘图', '美好事物带来的愉悦']",True
62fb7604741f9700015b1d6e,unset,[],"['秩序化图案', 'ZenColor普通图']",unset,['平铺'],"['秩序化图案', 'ZenColor普通图']",True
62fb75eb741f9700015b1d3d,unset,[],"['ZenColor速写图', '美好生活的喜悦']",unset,['印度人'],"['喜悦', 'ZenColor速写图']",True
62f9efd8ddee5b0001a244f1,unset,[],['ZenColor速写图'],unset,['猫'],"['宁静', 'ZenColor速写图']",True
62f9efd5ddee5b0001a244eb,unset,[],"['美好事物带来的愉悦', 'ZenColor速写图']",unset,['咖啡茶饮'],"['美好事物带来的愉悦', 'ZenColor速写图']",True
62f9efd6ddee5b0001a244ed,unset,[],"['美好事物带来的愉悦', 'ZenColor速写图']",unset,['混合蔬果'],"['美好事物带来的愉悦', 'ZenColor速写图']",True
62f5fd75ddee5b0001a1f395,unset,[],"['禅绕画', 'ZenColor普通图']",unset,['鸟'],"['禅绕画', 'ZenColor普通图']",True
62f5fd6fddee5b0001a1f38e,unset,[],['ZenColor速写图'],unset,['公园'],"['宁静', 'ZenColor速写图']",True
62f5fd7cddee5b0001a1f3a5,unset,[],['ZenColor速写图'],unset,['湖'],"['宁静', 'ZenColor速写图']",True
62f4de87ddee5b0001a1c5e5,unset,[],['ZenColor速写图'],unset,['女人'],"['宁静', 'ZenColor速写图']",True
62f4de8fddee5b0001a1c5f5,unset,[],['ZenColor速写图'],unset,['猫'],"['希望', 'ZenColor速写图']",True
62f4de8addee5b0001a1c5eb,unset,[],"['ZenColor速写图', '美好生活的喜悦']",unset,['狗'],"['喜悦', 'ZenColor速写图']",True
62f4de76ddee5b0001a1c5ce,unset,[],"['秩序化图案', 'ZenColor普通图']",unset,['平铺'],"['秩序化图案', 'ZenColor普通图']",True
62f4de75ddee5b0001a1c5cc,unset,[],['ZenColor速写图'],unset,['日式建筑'],"['宁静', 'ZenColor速写图']",True
62f4de72ddee5b0001a1c5c7,unset,[],['美好事物带来的愉悦'],unset,['咖啡茶饮'],"['Zen调性', '美好事物带来的愉悦']",True
62f4de6eddee5b0001a1c5be,unset,[],['ZenColor速写图'],unset,['盆栽'],"['狭义Zen', 'ZenColor速写图']",True
62f4de6dddee5b0001a1c5bb,unset,[],['ZenColor速写图'],unset,['咖啡茶饮'],"['狭义Zen', 'ZenColor速写图']",True
62f4dda4ddee5b0001a1c559,unset,[],"['ZenColor普通图', '禅绕画']",unset,['树木'],"['ZenColor普通图', '禅绕画']",True
62f4dd9eddee5b0001a1c548,special,['海洋'],"['ZenColor彩绘图', '兴趣活动的喜悦']",special,"['海洋', '潜水']","['兴趣', 'ZenColor彩绘图']",True
62f085e7ddee5b0001a0ad4e,unset,[],['美好事物带来的愉悦'],unset,['奶茶果汁'],"['美好事物带来的愉悦', 'Zen调性']",True
62f085d4ddee5b0001a0ad43,unset,[],[],unset,['城堡宫殿'],"['宁静', 'Zen调性']",True
62f085c8ddee5b0001a0ad3d,unset,[],['ZenColor速写图'],unset,['日式建筑'],"['狭义Zen', 'ZenColor速写图']",True
62ec91955b8089000159f846,unset,[],[],unset,['女人'],"['Zen调性', '宁静']",True
62ec91895b8089000159f841,unset,[],['ZenColor速写图'],unset,['猫'],"['希望', 'ZenColor速写图']",True
62ec91805b8089000159f83d,unset,[],[],unset,['湖'],"['宁静', 'Zen调性']",True
62ec917d5b8089000159f839,unset,[],[],unset,['汽车'],"['Zen调性', '兴趣']",True
62ec91685b8089000159f825,unset,[],['美好事物带来的愉悦'],unset,['奶茶果汁'],"['美好事物带来的愉悦', 'Zen调性']",True
62ec8fe35b8089000159f75c,unset,[],['ZenColor速写图'],unset,['女人'],"['兴趣', 'ZenColor速写图']",True
62ec8f5e5b8089000159f6c2,unset,[],"['ZenColor速写图', '宠物情']",unset,['[]'],"['ZenColor速写图', '宠物情']",True
62ec8f3c5b8089000159f6ad,unset,[],"['ZenColor普通图', '秩序化图案']",unset,['抽象画风'],"['ZenColor普通图', '秩序化图案']",True
62ec8f385b8089000159f6a9,unset,[],"['ZenColor普通图', '秩序化图案']",unset,['抽象画风'],"['ZenColor普通图', '秩序化图案']",True
62ec8f375b8089000159f6a5,unset,[],[],unset,['厅堂内景'],"['空港格物-PM', 'Zen调性', '宁静']",True
62ec8f2a5b8089000159f6a2,unset,[],[],unset,['女人'],"['宁静', 'Zen调性']",True
62ec8bbe5b8089000159f503,unset,[],[],unset,['教堂'],"['Zen调性', '宁静']",True
62ec89e25b8089000159f3f9,unset,[],['ZenColor速写图'],unset,['厅堂内景'],"['宁静', 'ZenColor速写图']",True
62ec89df5b8089000159f3f6,unset,[],['ZenColor速写图'],unset,['女人'],"['狭义Zen', 'ZenColor速写图']",True
62eb7d185b8089000159bd87,unset,[],['ZenColor速写图'],unset,['日式建筑'],"['宁静', 'ZenColor速写图']",True
62eb7d0e5b8089000159bd7b,unset,[],['ZenColor速写图'],unset,['河'],"['宁静', 'ZenColor速写图']",True
62eb7d095b8089000159bd75,unset,[],['美好事物带来的愉悦'],unset,['早餐'],"['美好事物带来的愉悦', 'Zen调性']",True
62e8c8c05b80890001593271,unset,[],['ZenColor速写图'],unset,['猞猁'],"['希望', 'ZenColor速写图']",True
62e8c8965b80890001593248,unset,[],['ZenColor速写图'],unset,['女人'],"['ZenColor速写图', '宁静']",True
62e8c8985b80890001593252,unset,[],['ZenColor速写图'],unset,['厅堂内景'],"['ZenColor速写图', '宁静']",True
62e7ac075b808900015906d4,unset,[],['ZenColor速写图'],unset,['湖'],"['宁静', 'ZenColor速写图']",True
62e77b635b8089000158effd,unset,[],"['宠物情', 'ZenColor速写图']",unset,['女人'],"['宠物情', 'ZenColor速写图']",True
62e26ff45b80890001586848,unset,[],['ZenColor普通图'],unset,['[]'],"['希望', 'ZenColor普通图']",True
62e26ff05b80890001586840,unset,[],['ZenColor速写图'],unset,['獭'],"['希望', 'ZenColor速写图']",True
62e26ff15b80890001586842,unset,[],['ZenColor速写图'],unset,['[]'],"['宁静', 'ZenColor速写图']",True
62e2644e5b80890001586186,unset,[],"['ZenColor普通图', '秩序化图案']",unset,['平铺'],"['ZenColor普通图', '秩序化图案']",True
62e2582c5b808900015856fa,unset,[],['ZenColor速写图'],unset,['汽车'],"['兴趣', 'ZenColor速写图']",True
62e258285b808900015856f4,unset,[],"['美好事物带来的愉悦', 'ZenColor普通图']",unset,['混合蔬果'],"['美好事物带来的愉悦', 'ZenColor普通图']",True
62e258245b808900015856ed,unset,[],"['ZenColor普通图', '秩序化图案']",unset,['[]'],"['ZenColor普通图', '秩序化图案']",True
62e2053e5b80890001583712,unset,[],['ZenColor速写图'],unset,['海洋植物'],"['希望', 'ZenColor速写图']",True
62e2053e5b80890001583713,unset,[],"['ZenColor普通图', '秩序化图案']",unset,['平铺'],"['ZenColor普通图', '秩序化图案']",True
62e205275b80890001583705,unset,[],"['宠物情', 'ZenColor速写图']",unset,['女人'],"['宠物情', 'ZenColor速写图']",True
62e0b3d75b8089000157f441,unset,[],"['ZenColor普通图', '宠物情']",unset,['[]'],"['ZenColor普通图', '宠物情']",True
62e0b3d45b8089000157f43f,unset,[],['ZenColor普通图'],unset,['女人'],"['兴趣', 'ZenColor普通图']",True
62df87395b8089000157a308,unset,[],['ZenColor速写图'],unset,['树木'],"['宁静', 'ZenColor速写图']",True
62de68015b808900015764ee,unset,[],['ZenColor普通图'],unset,['树木'],"['ZenColor普通图', '宁静']",True
62de67fd5b808900015764e8,unset,[],"['宠物情', 'ZenColor速写图']",unset,['女人'],"['宠物情', 'ZenColor速写图']",True
62de67ee5b808900015764c4,unset,[],"['美好事物带来的愉悦', 'ZenColor速写图']",unset,['女人'],"['美好事物带来的愉悦', 'ZenColor速写图']",True
62de67dd5b808900015764b3,unset,[],['ZenColor普通图'],unset,['树木'],"['宁静', 'ZenColor普通图']",True
62de67d85b8089000157649c,unset,[],['ZenColor普通图'],unset,['树木'],"['宁静', 'ZenColor普通图']",True
62de66925b80890001576388,unset,[],['ZenColor速写图'],unset,['女人'],"['宁静', 'ZenColor速写图']",True
62de66905b80890001576385,unset,[],['ZenColor速写图'],unset,['无名花'],"['宁静', 'ZenColor速写图']",True
62da62ab5bba6800012f7795,unset,[],['秩序化图案'],unset,['抽象画风'],['秩序化图案'],True
62da62ac5bba6800012f7797,unset,[],['秩序化图案'],unset,['抽象画风'],"['普通', '秩序化图案']",True
62da62a35bba6800012f778e,unset,[],"['ZenColor普通图', '秩序化图案']",unset,['抽象画风'],"['ZenColor普通图', '秩序化图案']",True
62da0f34e77a020001f69795,unset,[],['ZenColor速写图'],unset,['无名花'],"['ZenColor速写图', '宁静']",True
62d7d03ce77a020001f61286,unset,[],['ZenColor速写图'],unset,['日式建筑'],"['狭义Zen', 'ZenColor速写图']",True
62d76623e77a020001f5d803,unset,[],"['ZenColor速写图', '美好事物带来的愉悦']",unset,['下午茶'],"['ZenColor速写图', '美好事物带来的愉悦']",True
62d764b5e77a020001f5d5c6,unset,[],['ZenColor普通图'],unset,['猫'],['ZenColor普通图'],True
62d764b3e77a020001f5d5c4,unset,[],['ZenColor普通图'],unset,['人与自然'],"['ZenColor普通图', '宁静']",True
62d66fcf814fa10001c3e92f,unset,[],['ZenColor普通图'],unset,['猫'],"['ZenColor普通图', '宁静']",True
62d66fca814fa10001c3e92b,unset,[],['ZenColor普通图'],unset,['爱'],['ZenColor普通图'],True
62d66fc7814fa10001c3e927,unset,[],['ZenColor速写图'],unset,['河'],"['ZenColor速写图', '宁静']",True
62d66fb2814fa10001c3e918,unset,[],['ZenColor速写图'],unset,['日式建筑'],"['ZenColor速写图', '狭义Zen']",True
62d62a7b814fa10001c3d230,unset,[],['美好事物带来的愉悦'],unset,['汽车'],"['美好事物带来的愉悦', 'Zen调性']",True
62d62a64814fa10001c3d21c,unset,[],['ZenColor速写图'],unset,['盆栽'],"['宁静', 'ZenColor速写图']",True
62d62a5e814fa10001c3d218,unset,[],['ZenColor普通图'],unset,['厅堂内景'],['ZenColor普通图'],True
62d62a3f814fa10001c3d1ff,unset,[],['ZenColor普通图'],unset,['城堡宫殿'],"['ZenColor普通图', '宁静']",True
62d62a32814fa10001c3d1ec,unset,[],['ZenColor普通图'],unset,['鱼'],['ZenColor普通图'],True
62d62a2f814fa10001c3d1e9,unset,[],['ZenColor普通图'],unset,['[]'],['ZenColor普通图'],True
62d62a2b814fa10001c3d1da,unset,[],['ZenColor速写图'],unset,['厅堂内景'],"['ZenColor速写图', '宁静']",True
62d62a28814fa10001c3d1d7,unset,[],['ZenColor速写图'],unset,['女人'],"['ZenColor速写图', '宁静']",True
62cfc3202ddfb300013d7030,unset,[],"['ZenColor普通图', '宠物情']",unset,['[]'],"['ZenColor普通图', '宠物情']",True
62cfc3222ddfb300013d7032,unset,[],['ZenColor速写图'],unset,['女人'],"['ZenColor速写图', '宁静']",True
62cfc3152ddfb300013d7027,unset,[],['ZenColor普通图'],unset,['[]'],"['宁静', 'ZenColor普通图']",True
62cfc3092ddfb300013d7023,unset,[],['ZenColor普通图'],unset,['鸟'],['ZenColor普通图'],True
62cfc2f22ddfb300013d6ffc,unset,[],[],unset,['厅堂内景'],['普通'],True
62cfc2f02ddfb300013d6ff8,unset,[],['ZenColor速写图'],unset,['狗'],"['普通', 'ZenColor速写图']",True
62cfc2e92ddfb300013d6fef,unset,[],['ZenColor彩绘图'],unset,['日式建筑'],"['ZenColor彩绘图', '狭义Zen']",True
62ccd3b744dffc0001cd1ac9,unset,[],[],unset,['鸟'],"['Zen调性', '希望']",True
62ccd39944dffc0001cd1aa5,unset,[],[],unset,['汽车'],['普通'],True
62ccd37b44dffc0001cd1a78,unset,[],[],unset,['女人'],['普通'],True
62ccd34544dffc0001cd1a5a,unset,[],[],unset,['火车'],"['普通', '宁静']",True
62bd7d68ee560f00010c2fa3,unset,[],[],unset,['桥梁灯塔'],['普通'],True
62ba82f8ee560f00010b5359,blend,[],[],blend,['天主教大教堂'],['普通'],True
62ba82f5ee560f00010b5357,blend,[],[],blend,['狗'],['普通'],True
62ba829cee560f00010b5317,blend,[],[],blend,['薰衣草花海'],['普通'],True
62ba7a44eea90e00013bdc04,unset,[],[],unset,['汽车'],['普通'],True
62ba7a41eea90e00013bdc00,unset,[],[],unset,['奶茶果汁'],['普通'],True
62ba7a3feea90e00013bdbfe,unset,[],[],unset,['早餐'],['普通'],True
62ba7a38eea90e00013bdbf0,special,[],[],special,['鸟'],['一般彩绘'],True
62ba7a37eea90e00013bdbee,unset,[],"['ZenColor速写图', '美好事物带来的愉悦']",unset,['女人'],"['ZenColor速写图', '美好事物带来的愉悦']",True
62ba7a34eea90e00013bdbe8,unset,[],[],unset,['下午茶'],['普通'],True
62abf3c79ad9c4000153242d,unset,[],[],unset,['厅堂内景'],['普通'],True
62abf3c49ad9c40001532426,unset,[],[],unset,['汽车'],['普通'],True
62aaa6325f0b540001ff4940,unset,[],[],unset,['汽车'],['普通'],True
62aaa62e5f0b540001ff493a,unset,[],[],unset,['汽车'],"['Zen调性', '宁静']",True
62aaa5685f0b540001ff48d5,unset,[],[],unset,['汽车'],['普通'],True
62aaa5625f0b540001ff48cc,unset,[],[],unset,['女人'],['普通'],True
62a8b9e90d528900012433aa,unset,[],[],unset,['汽车'],['普通'],True
62a8b9e70d528900012433a8,unset,[],[],unset,['汽车'],['普通'],True
62a8b9670d52890001243395,unset,[],[],unset,['沙漏钟表'],['普通'],True
62a8b94f0d52890001243389,unset,[],[],unset,['汽车'],['普通'],True
62a8b94a0d52890001243384,unset,[],[],unset,['城堡宫殿'],['普通'],True
62a8b8a00d5289000124336e,unset,[],[],unset,['泳池乐园'],['普通'],True
62a600db9ff9b200019cd8df,unset,[],[],unset,['咖啡茶饮'],['普通'],True
62a600db9ff9b200019cd8de,unset,[],[],unset,['树木'],['普通'],True
62a5fed79ff9b200019cd8ce,unset,[],[],unset,['无名花'],['普通'],True
62a5fed49ff9b200019cd8c7,unset,[],[],unset,['茶杯水壶'],['普通'],True
62a5fcff9ff9b200019cd8b2,unset,[],[],unset,['混合蔬果'],['普通'],True
62a20b2698a9fd0001cc8600,unset,[],[],unset,['厅堂内景'],['普通'],True
62a20b2598a9fd0001cc85fc,unset,[],[],unset,['教堂'],['普通'],True
62a208cd98a9fd0001cc8576,unset,[],[],unset,['厅堂内景'],['普通'],True
62a2076a98a9fd0001cc851a,unset,[],[],unset,['厅堂内景'],['普通'],True
62a2076c98a9fd0001cc851c,unset,[],[],unset,['湖'],['普通'],True
62a206e598a9fd0001cc84f6,unset,[],[],unset,['厅堂内景'],['普通'],True
62a2061298a9fd0001cc84cb,unset,[],[],unset,['城堡宫殿'],['普通'],True
62a204f998a9fd0001cc8484,unset,[],[],unset,['女人'],['普通'],True
62a204f798a9fd0001cc8482,unset,[],[],unset,['河'],['普通'],True
62a2043598a9fd0001cc8474,unset,[],[],unset,['船'],['普通'],True
62a072ff98a9fd0001cc0269,unset,[],[],unset,['女人'],['普通'],True
62a071aa98a9fd0001cc0161,unset,[],[],unset,['湖'],['普通'],True
62a06de198a9fd0001cbfc3b,unset,[],"['CF规范图', '新沉浸感素材', '自然动物']",unset,['猫'],"['CF规范图', '新沉浸感素材', '自然动物']",True
62a066d198a9fd0001cbf50e,unset,[],[],unset,['船'],['普通'],True
62a0628b98a9fd0001cbf134,unset,[],[],unset,['混合蔬果'],['普通'],True
62a0627798a9fd0001cbf116,unset,[],['美好事物带来的愉悦'],unset,['食谱'],"['Zen调性', '美好事物带来的愉悦']",True
62a0625b98a9fd0001cbf0ee,unset,[],[],unset,['厅堂内景'],['普通'],True
629ccbb098a9fd0001cb1268,unset,[],[],unset,['城市小镇'],['普通'],True
629ccafb98a9fd0001cb1264,unset,[],[],unset,['平铺'],['普通'],True
629ccaf998a9fd0001cb125e,unset,[],[],unset,['汽车'],['普通'],True
629ccaf698a9fd0001cb125c,unset,[],[],unset,['女人'],['普通'],True
629cca1398a9fd0001cb1248,unset,[],[],unset,['厅堂内景'],['普通'],True
629cc78698a9fd0001cb1236,unset,[],[],unset,['厅堂内景'],['普通'],True
629cc65998a9fd0001cb1220,special,[],[],special,['湖'],['普通'],True
6295c672c8e2be0001c05079,unset,[],[],unset,['厅堂内景'],['普通'],True
6295c170c8e2be0001c04dea,unset,[],[],unset,['狗'],['普通'],True
6295bfc6c8e2be0001c04d21,unset,[],[],unset,['厅堂内景'],['普通'],True
62943f07c8e2be0001bfe12f,unset,[],[],unset,['汽车'],['普通'],True
62943dd0c8e2be0001bfe06d,unset,[],[],unset,['面条'],['普通'],True
628ce1e18a23780001812f17,unset,[],[],unset,['汽车'],['普通'],True
628ce13f8a23780001812ef5,special,[],[],special,['鹿'],['一般彩绘'],True
628ce1388a23780001812ef1,special,[],[],special,['女人'],['一般彩绘'],True
628cdf8f8a23780001812eb0,unset,[],[],unset,['厅堂内景'],['普通'],True
628cdf8f8a23780001812eaf,unset,[],[],unset,['树木'],['普通'],True
628cdf8d8a23780001812ead,unset,[],[],unset,['厅堂内景'],['普通'],True
628cdc2f8a23780001812e3e,special,[],[],special,['海浪'],['一般彩绘'],True
628b3c48af14040001d1f005,unset,[],[],unset,['厅堂内景'],['普通'],True
62873b2747b1940001b14244,unset,[],[],unset,['下午茶'],['普通'],True
6287366e47b1940001b13fbe,unset,[],[],unset,['船'],['普通'],True
628731c847b1940001b13df0,unset,[],[],unset,['奶茶果汁'],['普通'],True
628731ca47b1940001b13df1,unset,[],[],unset,['城堡宫殿'],['普通'],True
6285bb1247b1940001b0e8a8,unset,[],[],unset,['无名花'],['普通'],True
6285b77d47b1940001b0e5eb,unset,[],[],unset,['几何小屋'],['普通'],True
62834b6647b1940001b05f2f,special,[],[],special,['厅堂内景'],['一般彩绘'],True
6281c4b6f5dc770001cfd9e0,unset,[],[],unset,['鹿'],['普通'],True
627e1b12f5dc770001cf8fcc,unset,[],[],unset,['厅堂内景'],['普通'],True
627e18b2f5dc770001cf8d88,unset,[],[],unset,['厅堂内景'],['普通'],True
627a0c11ae47eb0001c2e68e,unset,[],[],unset,['厅堂内景'],['普通'],True
6276093dc924c50001d6a20f,unset,[],[],unset,['鞋'],['普通'],True
62760905c924c50001d6a1f9,unset,[],[],unset,['无名花'],['普通'],True
627608fbc924c50001d6a1f4,unset,[],[],unset,['无名花'],['普通'],True
627608f1c924c50001d6a1ef,unset,[],[],unset,['猫'],['普通'],True
626b597d751b7c0001763691,unset,[],[],unset,['湖'],['普通'],True
626b595b751b7c0001763681,blend,[],[],blend,['女人'],['普通'],True
626b591c751b7c000176365d,unset,[],[],unset,['薰衣草花海'],['普通'],True
626b5724751b7c0001763520,special,[],[],special,['下午茶'],['一般彩绘'],True
6267bd9f85d892000114c3e9,unset,[],[],unset,['美妆'],['普通'],True
6266697c91eb47000189f02c,unset,[],[],unset,['厅堂内景'],['普通'],True
6266693491eb47000189f00b,unset,[],[],unset,['厅堂内景'],['普通'],True
626605b391eb47000189c369,unset,[],[],unset,['无名花'],"['投放素材', '普通']",True
626605b091eb47000189c362,unset,[],[],unset,['无名花'],"['投放素材', '普通']",True
6264fd3891eb4700018990e0,special,[],[],special,['厅堂内景'],['一般彩绘'],True
6264fceb91eb4700018990c4,special,[],[],special,['女人'],['一般彩绘'],True
6264fc8791eb47000189906e,unset,[],[],unset,['教堂'],['普通'],True
62615f7e91eb470001890dc6,unset,[],[],unset,['[]'],['普通'],True
62615de791eb470001890cf5,unset,[],[],unset,['厅堂内景'],['普通'],True
625d2f2895d0f00001e169c4,unset,[],[],unset,['[]'],['普通'],True
625d286795d0f00001e16656,unset,[],[],unset,['汽车'],['普通'],True
6257c17c95d0f00001e0a807,unset,[],[],unset,['厅堂内景'],['普通'],True
6257c14795d0f00001e0a7f9,unset,[],[],unset,['女人'],['普通'],True
62564e5995d0f00001e0513c,unset,[],[],unset,['厅堂内景'],['普通'],True
62564e3c95d0f00001e05137,unset,[],[],unset,['厅堂内景'],['普通'],True
62564e2095d0f00001e05135,unset,[],[],unset,['船'],['普通'],True
62564d9f95d0f00001e05104,unset,[],[],unset,['湖'],['普通'],True
6252e43495d0f00001dfa369,unset,[],[],unset,['树木'],['普通'],True
6252e35a95d0f00001dfa345,unset,[],[],unset,['汽车'],['普通'],True
624eaeb195d0f00001df2f1a,unset,[],"['ZenColor普通图', '禅绕画']",unset,['树木'],"['ZenColor普通图', '禅绕画']",True
624c56a395d0f00001deaaf3,unset,[],['秩序化图案'],unset,['平铺'],"['普通', '秩序化图案']",True
624c541095d0f00001deaab4,unset,[],[],unset,['女人'],['普通'],True
624c52db95d0f00001deaa9a,unset,[],[],unset,['教堂'],['普通'],True
624734c395d0f00001de4f01,unset,[],[],unset,['无名花'],['普通'],True
6247347e95d0f00001de4ee3,unset,[],['采购素材'],unset,['女人'],"['采购素材', '普通']",True
624429c395d0f00001dd8bc4,unset,[],[],unset,['城市小镇'],"['投放素材', '普通']",True
624429b995d0f00001dd8bb9,unset,[],[],unset,['城市小镇'],['普通'],True
624429c195d0f00001dd8bc2,unset,[],[],unset,['女人'],['普通'],True
6244299f95d0f00001dd8b7e,unset,[],[],unset,['厅堂内景'],['普通'],True
6244288732c22800016e9db0,unset,[],[],unset,['汽车'],['普通'],True
6244288132c22800016e9da6,unset,[],['采购素材'],unset,['厅堂内景'],"['采购素材', '普通']",True
6244287732c22800016e9da1,unset,[],[],unset,['女人'],['普通'],True
6244287532c22800016e9d9e,unset,[],[],unset,['女人'],['普通'],True
6244279832c22800016e9cc8,blend,[],[],blend,['厅堂内景'],['普通'],True
6243f34f32c22800016e8398,unset,[],[],unset,['女人'],['普通'],True
623dc475d2f8f7000129fc0a,special,[],[],special,['船'],['一般彩绘'],True
623dc2bdd2f8f7000129fbb2,special,[],[],special,['厅堂内景'],['一般彩绘'],True
623dc2a8d2f8f7000129fba4,special,[],[],special,['汽车'],['一般彩绘'],True
623dc1d4d2f8f7000129fb8c,unset,[],[],unset,['箱包'],['普通'],True
623dc1bed2f8f7000129fb84,unset,[],['采购素材'],unset,['快餐'],"['采购素材', '普通']",True
623dc19ad2f8f7000129fb7c,unset,[],[],unset,['厅堂内景'],['普通'],True
623dc0ded2f8f7000129fb5c,unset,[],[],unset,['鹿'],['普通'],True
623dc0efd2f8f7000129fb64,unset,[],[],unset,['汽车'],['普通'],True
623aae6160e32700015c5aa2,unset,[],[],unset,['厅堂内景'],['普通'],True
623aae2d60e32700015c5a86,unset,[],[],unset,['厅堂内景'],['普通'],True
623aae2060e32700015c5a80,unset,[],[],unset,['鸟'],['普通'],True
623aaccd60e32700015c5a4e,unset,[],[],unset,['快餐'],['普通'],True
6234a0940f0b9b000120750f,unset,[],[],unset,['汽车'],['普通'],True
6234a0910f0b9b000120750d,unset,[],[],unset,['河'],['普通'],True
6234a0890f0b9b0001207505,unset,[],[],unset,['火车'],['普通'],True
6234a0860f0b9b0001207503,unset,[],[],unset,['汽车'],['普通'],True
62349e540f0b9b00012074d3,unset,[],[],unset,['无名花'],['普通'],True
62349e570f0b9b00012074d5,unset,[],[],unset,['无名花'],['普通'],True
62349e4a0f0b9b00012074cd,unset,[],[],unset,['[]'],['普通'],True
62349d660f0b9b00012074c5,unset,[],[],unset,['厅堂内景'],['普通'],True
62349d460f0b9b00012074b5,unset,[],[],unset,['汽车'],['普通'],True
6232d0ff0f0b9b00011fecc2,unset,[],[],unset,['鱼'],['普通'],True
623147e20f0b9b00011f9108,unset,[],[],unset,['花篮'],['普通'],True
622f02370f0b9b00011f186f,unset,[],[],unset,['女人'],['普通'],True
622f022f0f0b9b00011f1867,unset,[],[],unset,['树木'],['普通'],True
622b3c6c0f0b9b00011ee120,unset,[],[],unset,['厅堂内景'],['普通'],True
622b282b0f0b9b00011eda82,unset,[],[],unset,['教堂'],['普通'],True
622b28220f0b9b00011eda72,unset,[],[],unset,['桥梁灯塔'],['普通'],True
62289dac2fbeaf0001136633,special,[],[],special,['汽车'],['一般彩绘'],True
62289cfd2fbeaf00011365e5,special,[],[],special,['女人'],['一般彩绘'],True
62289ceb2fbeaf00011365df,unset,[],[],unset,['厅堂内景'],['普通'],True
62280e342fbeaf000113122f,unset,[],[],unset,['女人'],['普通'],True
6225dc4e2fbeaf000112b4d0,unset,[],[],unset,['厅堂内景'],['普通'],True
6225d93d2fbeaf000112b248,unset,[],[],unset,['女人'],['普通'],True
6225d9382fbeaf000112b242,unset,[],[],unset,['鹿'],['普通'],True
6225d8af2fbeaf000112b1f1,unset,[],[],unset,['火车'],['普通'],True
6220b31f1a7f6900012aa923,unset,[],[],unset,['汽车'],['普通'],True
6220b1bc1a7f6900012aa877,unset,[],[],unset,['厅堂内景'],['普通'],True
6220aa261a7f6900012aa516,unset,[],[],unset,['厅堂内景'],['普通'],True
62208e888b913000012582e8,unset,[],[],unset,['无名花'],['普通'],True
62208dcb8b91300001258226,unset,[],[],unset,['厅堂内景'],['普通'],True
62208dd18b9130000125822c,unset,[],[],unset,['厅堂内景'],['普通'],True
621c9bab47e8d40001fa58ef,unset,[],[],unset,['厅堂内景'],['普通'],True
6218b59e47e8d40001f9ecf1,unset,[],[],unset,['船'],['普通'],True
62177f0047e8d40001f99b14,unset,[],[],unset,['火车'],['普通'],True
6217314447e8d40001f96f21,unset,[],[],unset,['厅堂内景'],['普通'],True
6217314347e8d40001f96f1f,unset,[],[],unset,['咖啡茶饮'],['普通'],True
6215a46286d48b0001c65f78,unset,[],[],unset,['无名花'],['普通'],True
6215a45686d48b0001c65f72,unset,[],[],unset,['厅堂内景'],['普通'],True
6213059f86d48b0001c5b602,unset,[],[],unset,['厅堂内景'],['普通'],True
621304d886d48b0001c5b53c,unset,[],[],unset,['火车'],['普通'],True
620f3f76f28c8400018a0ecd,blend,[],[],blend,['桥梁灯塔'],['普通'],True
620f3f57f28c8400018a0eab,unset,[],[],unset,['厅堂内景'],['普通'],True
6203277ff28c84000187ad93,unset,[],[],unset,['厅堂内景'],['普通'],True
61f3887bfa11c40001ed8158,unset,[],[],unset,['汽车'],['普通'],True
61f2659380bf1b0001e03db9,unset,[],[],unset,['汽车'],['普通'],True
61f0a9fe80bf1b0001dfa2b8,unset,[],[],unset,['厅堂内景'],['普通'],True
61ee66db8918b20001f18942,unset,[],[],unset,['汽车'],"['投放素材', '普通']",True
61ea98718918b20001f12934,unset,[],[],unset,['鱼'],['普通'],True
61ea98678918b20001f12928,special,[],[],special,['厅堂内景'],['一般彩绘'],True
61ea97fd8918b20001f128d9,unset,[],[],unset,['湖'],['普通'],True
61e693e185bc0c00010f0c0f,unset,[],[],unset,['厅堂内景'],['普通'],True
61e693dc85bc0c00010f0c03,unset,[],[],unset,['厅堂内景'],['普通'],True
61dea95885bc0c00010d83f3,unset,[],[],unset,['无名花'],['普通'],True
61d577429640fb000106cddc,unset,[],[],unset,['鸟'],['普通'],True
61d5773f9640fb000106cdd7,unset,[],[],unset,['无名花'],['普通'],True
61d537ca9640fb000106a69a,unset,[],[],unset,['厅堂内景'],['普通'],True
61cc56348be0430001bc4b6d,unset,[],[],unset,['汽车'],['普通'],True
61c9a24ef44420000167c91b,unset,[],[],unset,['厅堂内景'],['普通'],True
61c9a235f44420000167c90f,unset,[],[],unset,['平铺'],['普通'],True
61c1756e6ed4a20001d5a338,unset,[],[],unset,['桥梁灯塔'],['普通'],True
61bae5febc452d0001ac40fd,unset,[],[],unset,['狗'],['普通'],True
61b9a51dbc452d0001abf975,unset,[],[],unset,"['厅堂内景', '圣诞节']",['普通'],True
61b9a516bc452d0001abf96c,unset,[],[],unset,"['邮箱', '圣诞节']",['普通'],True
61b9a514bc452d0001abf96a,unset,['曼陀罗'],[],unset,"['曼陀罗', '圣诞节']",['普通'],True
61b9a501bc452d0001abf93e,special,['多人'],[],special,"['多人', '圣诞节']",['一般彩绘'],True
61b9a4febc452d0001abf93b,special,[],[],special,"['厅堂内景', '圣诞节']",['一般彩绘'],True
61b955f4bc452d0001abd189,blend,[],[],blend,['厅堂内景'],['普通'],True
61b2bf6738799c00012f9f75,unset,[],[],unset,"['猫', '圣诞节']",['普通'],True
61b1e1cd27f6cc0001671fdf,unset,[],[],unset,['厅堂内景'],['普通'],True
61b17b2a27f6cc000166dc20,unset,[],[],unset,['无名花'],['普通'],True
61b17b2727f6cc000166dc1d,unset,[],[],unset,['厅堂内景'],['普通'],True
61b17b2427f6cc000166dc14,unset,[],[],unset,['厅堂内景'],['普通'],True
61b17b2227f6cc000166dc10,unset,[],[],unset,['厅堂内景'],['普通'],True
61b17b2027f6cc000166dc0e,unset,[],[],unset,['厅堂内景'],['普通'],True
61b00eff27f6cc0001666462,unset,[],[],unset,['厅堂内景'],['普通'],True
61af089e27f6cc0001662709,unset,[],[],unset,['鸟'],['普通'],True
61af089527f6cc00016626fb,unset,[],[],unset,['湖'],['普通'],True
61af089427f6cc00016626f7,blend,[],[],blend,['厅堂内景'],['普通'],True
61af089327f6cc00016626f5,unset,[],[],unset,['鸟'],['普通'],True
61a980fd27f6cc0001654467,unset,[],[],unset,['鸟'],['普通'],True
61a7409427f6cc000164c8f5,unset,['花盆'],[],unset,"['花盆', '圣诞节']",['普通'],True
61a7408b27f6cc000164c8ed,unset,[],[],unset,['鸟'],['普通'],True
61a6e5b527f6cc0001649b08,unset,[],[],unset,['厅堂内景'],['普通'],True
61a6e56e27f6cc0001649ab9,unset,[],[],unset,['厅堂内景'],['普通'],True
61a6e45a27f6cc0001649a3d,unset,[],[],unset,['鸟'],['普通'],True
61a6e45d27f6cc0001649a43,unset,[],[],unset,"['厅堂内景', '圣诞节']",['普通'],True
61a5a2459326e90001c9ff7d,unset,[],[],unset,['厅堂内景'],['普通'],True
61a4ab089326e90001c9d6db,unset,[],[],unset,['无名花'],['普通'],True
61a49c439326e90001c9cf10,special,[],[],special,['厅堂内景'],['一般彩绘'],True
61a49c359326e90001c9cf0a,unset,[],[],unset,['厅堂内景'],['普通'],True
61a49bf89326e90001c9cee4,unset,[],[],unset,['厅堂内景'],['普通'],True
61a47e89b3bb82000138d34b,special,[],[],special,['厅堂内景'],"['投放素材', '一般彩绘']",True
61a4555619d5fd0001d68955,unset,[],[],unset,['咖啡茶饮'],['普通'],True
61a0b81219d5fd0001d63fe8,unset,[],[],unset,['[]'],['普通'],True
61a0817a81a4140001888ec1,unset,[],[],unset,['汽车'],['普通'],True
61a05b3681a4140001887ba2,special,['雪人'],[],special,"['雪人', '圣诞节']",['一般彩绘'],True
619f64a781a41400018850e4,unset,[],[],unset,['高楼大厦'],['普通'],True
619f494781a414000188461a,unset,[],[],unset,['无名花'],['普通'],True
619e17eb81a414000188026e,unset,[],[],unset,['厅堂内景'],['普通'],True
619de01281a414000187e0f3,unset,[],[],unset,['火车'],['普通'],True
619dd78381a414000187dcb4,unset,[],[],unset,['汽车'],['普通'],True
619b5cba81a41400018741d4,unset,[],[],unset,['厅堂内景'],['普通'],True
619b5c2a81a4140001874169,unset,[],[],unset,['无名花'],['普通'],True
619753e82877f00001d73dd8,special,[],[],special,['湖'],['一般彩绘'],True
619753e62877f00001d73dd6,special,['独栋房屋'],[],special,"['独栋房屋', '圣诞节']",['一般彩绘'],True
619753e22877f00001d73dd4,special,[],[],special,['无名花'],['一般彩绘'],True
619752462877f00001d73cc6,special,[],[],special,['树木'],['一般彩绘'],True
619624df5352b8000147e388,unset,[],[],unset,['汽车'],['普通'],True
6196162c5352b8000147da76,unset,[],[],unset,['无名花'],['普通'],True
619616145352b8000147da51,unset,[],[],unset,['厅堂内景'],['普通'],True
6194c96582aa090001d6ae3c,unset,[],[],unset,['桥梁灯塔'],['普通'],True
6194b92d2ab761000172eb2e,special,[],[],special,['猫'],['一般彩绘'],True
61938b902ab761000172b22d,unset,[],[],unset,['城堡宫殿'],['普通'],True
61938b8d2ab761000172b227,unset,[],[],unset,['厅堂内景'],['普通'],True
619366e62ab7610001729976,unset,[],[],unset,['无名花'],['普通'],True
618ba359c709ce00015a49d0,unset,[],[],unset,['女人'],['普通'],True
618a458b3c266f0001daf4b7,unset,[],[],unset,['天气'],['普通'],True
618a45803c266f0001daf4ab,unset,[],[],unset,['厅堂内景'],['普通'],True
618a23253c266f0001dae839,special,[],[],special,['鸟'],['一般彩绘'],True
618a1d453c266f0001dae3fe,unset,[],[],unset,['抽象画风'],['普通'],True
6184f56b817dd700013ea97c,unset,[],[],unset,['船'],['普通'],True
6182057f6e978b0001726c9d,unset,[],[],unset,['狗'],['普通'],True
618116ecbfbaf10001c18c38,unset,[],[],unset,['城堡宫殿'],['普通'],True
6181148ebfbaf10001c18bc0,unset,[],[],unset,['厅堂内景'],['普通'],True
6181147fbfbaf10001c18bb9,unset,[],[],unset,['花篮'],['普通'],True
617f7b73adef110001e8ba83,unset,[],[],unset,['厅堂内景'],['普通'],True
617bc9a2adef110001e88ec4,unset,[],[],unset,['厅堂内景'],['普通'],True
617bc990adef110001e88eb0,unset,[],[],unset,['鱼'],['普通'],True
617bc979adef110001e88ea1,unset,[],[],unset,['厅堂内景'],['普通'],True
617bc93dadef110001e88e91,unset,[],[],unset,['高楼大厦'],['普通'],True
617bc95badef110001e88e98,unset,[],[],unset,['厅堂内景'],['普通'],True
617bc93fadef110001e88e93,unset,[],[],unset,['厅堂内景'],['普通'],True
6179326ad43ac00001c5da78,unset,[],[],unset,['女人'],['普通'],True
6177d9452428b90001886c22,unset,[],[],unset,['鸟'],['普通'],True
617772e02428b900018849be,unset,[],[],unset,['[]'],['普通'],True
61729f9c2428b9000187da3c,unset,[],['无线框'],unset,['厅堂内景'],"['普通', '无线框']",True
617296702428b9000187d558,unset,[],[],unset,['[]'],['[]'],True
6172966a2428b9000187d554,unset,[],[],unset,['[]'],['[]'],True
617296662428b9000187d550,unset,[],[],unset,['[]'],['[]'],True
617296622428b9000187d54c,unset,[],[],unset,['[]'],['[]'],True
617296592428b9000187d547,unset,[],[],unset,['[]'],['[]'],True
6172490589be730001dd56ca,unset,[],[],unset,['鸟'],['普通'],True
61714f7089be730001dd3935,unset,[],[],unset,['[]'],['[]'],True
616febc554538f0001d1a673,unset,[],[],unset,['厅堂内景'],['普通'],True
616e320036ba6f00017ff0c3,unset,[],[],unset,['厅堂内景'],['普通'],True
616e31fe36ba6f00017ff0c1,unset,[],[],unset,['厅堂内景'],['普通'],True
6166cf1136ba6f00017f3dcb,unset,[],[],unset,['鸟'],['普通'],True
61669fda36ba6f00017f2eeb,unset,[],[],unset,['[]'],['[]'],True
61651c210f1bb800011bcd59,special,[],[],special,['狗'],['一般彩绘'],True
6160fe8b5ae4b80001f9e0b0,unset,[],[],unset,['汽车'],['普通'],True
6160fe825ae4b80001f9e0ae,unset,[],[],unset,['厅堂内景'],['普通'],True
61601d6a5ae4b80001f9d28a,unset,[],[],unset,['鱼'],['普通'],True
61601d335ae4b80001f9d26f,unset,[],[],unset,['厅堂内景'],['普通'],True
61601cf35ae4b80001f9d261,unset,[],[],unset,['厅堂内景'],['普通'],True
616009ed5ae4b80001f9cd0a,mystery,[],['无线框'],mystery,['厅堂内景'],"['普通', '无线框']",True
61555bf04c94c90001e8ea62,unset,[],[],unset,['厅堂内景'],['普通'],True
6154429e4c94c90001e8c6d8,blend,[],['无线框'],blend,['树木'],"['普通', '无线框']",True
615442854c94c90001e8c6b6,unset,[],[],unset,['[]'],['普通'],True
615297334c94c90001e87bbf,special,[],[],special,['鸟'],['一般彩绘'],True
6152972b4c94c90001e87ba6,unset,[],[],unset,['[]'],['[]'],True
6152972e4c94c90001e87bab,special,[],[],special,['[]'],['[]'],True
615297294c94c90001e87ba2,unset,[],[],unset,['[]'],['[]'],True
615297284c94c90001e87ba0,unset,[],[],unset,['锦鲤'],"['Zen调性', '希望']",True
6152971c4c94c90001e87b84,unset,[],[],unset,['[]'],['[]'],True
615297144c94c90001e87b76,unset,[],[],unset,['[]'],['[]'],True
6152970a4c94c90001e87b6a,special,[],[],special,['[]'],['[]'],True
6145570f38e2c5000164f1d5,unset,[],[],unset,['厅堂内景'],['普通'],True
6144724038e2c5000164de8c,special,[],[],special,['无名花'],['一般彩绘'],True
613f14bd38e2c50001642fa4,blend,[],['无线框'],blend,['鱼'],"['普通', '无线框']",True
613ebcb338e2c5000164204a,unset,[],[],unset,['薮猫'],['普通'],True
613ebc9a38e2c50001642042,blend,[],[],blend,['鸟'],['普通'],True
613ac0e738e2c5000163db33,unset,[],[],unset,['女人'],['普通'],True
6136d2fd38e2c500016366a9,unset,[],[],unset,['汽车'],['普通'],True
6135f28238e2c50001635e07,mystery,[],['无线框'],mystery,['船'],"['普通', '无线框']",True
6135f27938e2c50001635dfc,unset,[],[],unset,['鸟'],['普通'],True
6131f4ca38e2c500016336a9,unset,[],['无线框'],unset,['混合蔬果'],"['普通', '无线框']",True
6131f4ba38e2c5000163369c,blend,[],[],blend,['厅堂内景'],['普通'],True
6131f43a38e2c50001633680,unset,[],[],unset,['鸟'],['普通'],True
6131f42338e2c50001633676,unset,[],[],unset,['鱼'],['普通'],True
612dee5238e2c5000162b692,unset,[],[],unset,['[]'],['[]'],True
612dee5638e2c5000162b69a,unset,[],[],unset,['女人'],['普通'],True
612debe138e2c5000162b5fa,unset,[],[],unset,['[]'],['[]'],True
612debe338e2c5000162b5fe,unset,[],[],unset,['[]'],['[]'],True
612debde38e2c5000162b5f6,unset,[],[],unset,['[]'],['[]'],True
61276a6738e2c50001621ace,unset,[],[],unset,['[]'],['[]'],True
61276a5838e2c50001621abe,unset,[],[],unset,['[]'],['[]'],True
61276a6b38e2c50001621ad1,unset,[],[],unset,['[]'],['[]'],True
61276a5638e2c50001621abc,unset,[],[],unset,['[]'],['[]'],True
612769eb38e2c50001621a60,unset,[],[],unset,['[]'],['[]'],True
612630c538e2c5000161df69,unset,[],[],unset,['[]'],['[]'],True
612630bb38e2c5000161df5d,unset,[],[],unset,['[]'],['[]'],True
6126295338e2c5000161dc1a,unset,[],[],unset,['[]'],['[]'],True
6126294f38e2c5000161dc16,unset,[],[],unset,['[]'],['[]'],True
6125bd5638e2c5000161ac52,blend,[],[],blend,['女人'],['普通'],True
6124ca7738e2c50001618bcf,special,[],[],special,['[]'],['[]'],True
6124c7f038e2c50001618a18,unset,[],[],unset,['[]'],['[]'],True
6124c7f138e2c50001618a1a,unset,[],[],unset,['[]'],['[]'],True
6124c7eb38e2c50001618a0d,unset,[],[],unset,['[]'],['[]'],True
6123958a38e2c50001615226,unset,[],[],unset,['[]'],['[]'],True
6123958b38e2c50001615228,unset,[],[],unset,['[]'],['[]'],True
6123958e38e2c5000161522d,blend,[],['无线框'],blend,['[]'],['无线框'],True
6123958e38e2c5000161522b,unset,[],[],unset,['[]'],['[]'],True
6123958838e2c50001615224,unset,[],[],unset,['[]'],['[]'],True
6123958538e2c50001615220,unset,[],[],unset,['[]'],['[]'],True
612379136cc22c000125d3ff,unset,[],[],unset,['女人'],['普通'],True
611f27a66cc22c0001256660,unset,[],[],unset,['[]'],['[]'],True
611f27a56cc22c000125665c,unset,[],['试新素材'],unset,['[]'],['试新素材'],True
611f27a46cc22c000125665a,unset,[],[],unset,['[]'],['[]'],True
611f27a56cc22c000125665e,unset,[],['试新素材'],unset,['[]'],['试新素材'],True
611f27a46cc22c0001256658,unset,[],[],unset,['[]'],['[]'],True
611f27a16cc22c0001256652,unset,[],[],unset,['[]'],['[]'],True
611f279f6cc22c000125664e,blend,[],[],blend,['[]'],['[]'],True
611f279e6cc22c000125664c,unset,[],[],unset,['[]'],['[]'],True
611e3ed96cc22c0001254f58,unset,[],[],unset,['女人'],['普通'],True
611e3d5a6cc22c0001254edd,unset,[],[],unset,['女人'],['普通'],True
611e35f36cc22c0001254c0f,unset,[],[],unset,['[]'],['[]'],True
611e35ed6cc22c0001254c05,unset,[],[],unset,['[]'],['[]'],True
611e35ee6cc22c0001254c08,unset,[],[],unset,['[]'],['[]'],True
611dbd296cc22c0001251c67,unset,[],['试新素材'],unset,['[]'],['试新素材'],True
611dbd266cc22c0001251c63,unset,[],[],unset,['[]'],['[]'],True
611d113b6cc22c00012515b7,unset,[],[],unset,['[]'],['[]'],True
611bba106cc22c000124d8d3,unset,[],[],unset,['厅堂内景'],['普通'],True
611664996cc22c0001244b3b,unset,[],[],unset,['[]'],['[]'],True
611663f66cc22c0001244aec,unset,[],[],unset,['树木'],['普通'],True
611646bd6cc22c0001243e63,unset,[],[],unset,['火车'],['普通'],True
61152bcb2154ad0001c06e37,unset,[],[],unset,['猫'],['普通'],True
6114f2152154ad0001c05caa,unset,[],[],unset,['[]'],['[]'],True
6114e0142154ad0001c050cc,unset,[],[],unset,['[]'],['[]'],True
61139eb22154ad0001c01973,unset,[],[],unset,['女人'],['普通'],True
610cd2943bc75e00015c99b3,unset,[],[],unset,['厅堂内景'],['普通'],True
61010987d5b251000117f4f6,unset,[],[],unset,['女人'],['普通'],True
61010960d5b251000117f4e4,special,[],[],special,['鹿'],['一般彩绘'],True
60ffd84cd5b251000117c467,blend,[],['无线框'],blend,['女人'],"['普通', '无线框']",True
60ffc214d5b251000117b5e3,blend,[],['无线框'],blend,['厅堂内景'],"['普通', '无线框']",True
60f8dda830e2990001a0adaf,unset,[],[],unset,['丘陵'],['普通'],True
60f14c6b4834d0000173ae2e,unset,[],[],unset,['汽车'],['普通'],True
60f14c4c4834d0000173ae10,unset,[],['无线框'],unset,['女人'],"['普通', '无线框']",True
60e2d748fcc68e0001567b45,unset,[],[],unset,['厅堂内景'],['普通'],True
60e2a377fcc68e0001566fea,unset,[],[],unset,['湖'],['普通'],True
60d97c404161f90001b661e6,unset,[],[],unset,['湖'],['普通'],True
60d97c5e4161f90001b661fa,unset,[],[],unset,['鱼'],['普通'],True
60cc3d6856d373000121cff6,unset,[],[],unset,['厅堂内景'],['普通'],True
60cacd72bdc97f000165ef43,unset,[],[],unset,['鱼'],['普通'],True
60c9d3febdc97f000165e4b8,unset,[],[],unset,['狗'],['普通'],True
60c2d8fbbdc97f0001659646,special,[],[],special,['沙漏钟表'],['一般彩绘'],True
60c2d8d0bdc97f000165961e,blend,[],[],blend,['[]'],['[]'],True
60c2d8debdc97f0001659628,special,[],[],special,['[]'],['[]'],True
60bf513dbdc97f0001655d79,unset,[],[],unset,['[]'],['[]'],True
60bf1024bdc97f000165502b,blend,[],['无线框'],blend,['城堡宫殿'],"['普通', '无线框']",True
60ba0534812a9f0001873b22,unset,[],[],unset,['汽车'],['普通'],True
60b8aa90a745bb0001696920,unset,[],[],unset,['[]'],['[]'],True
60b8aa71a745bb0001696908,unset,[],[],unset,['厅堂内景'],['普通'],True
60b8aa86a745bb0001696912,unset,[],[],unset,['城堡宫殿'],['普通'],True
60b8aa33a745bb00016968d9,unset,[],[],unset,['无名花'],['普通'],True
60b7706228b26400016e61fa,special,[],[],special,['[]'],['[]'],True
60b7705b28b26400016e61f2,unset,[],[],unset,['汽车'],['普通'],True
60b7602928b26400016e5e44,blend,[],['无线框'],blend,['猫'],"['普通', '无线框']",True
60b7601c28b26400016e5e3a,unset,[],[],unset,['狗'],['普通'],True
60b721966ebcf900012ecfa0,unset,[],[],unset,['无名花'],['普通'],True
60aa80b5b6c3cf0001fab874,unset,[],[],unset,['[]'],['[]'],True
60aa8054b6c3cf0001fab82e,unset,[],[],unset,['日式建筑'],['普通'],True
60aa806bb6c3cf0001fab844,special,[],[],special,['沙漏钟表'],['一般彩绘'],True
60aa7ffab6c3cf0001fab82a,unset,[],[],unset,['刺青'],['普通'],True
60aa7fddb6c3cf0001fab818,unset,[],[],unset,['丘陵'],['普通'],True
60a7dc23b6c3cf0001fab149,special,[],[],special,['[]'],['[]'],True
6099173a0fea79000181dfc9,special,[],[],special,['狗'],['一般彩绘'],True
6098fa320fea79000181d89b,unset,[],[],unset,['狗'],['普通'],True
6098f9d50fea79000181d888,special,[],[],special,['[]'],['[]'],True
609518dc0fea79000181927b,unset,[],[],unset,['猫'],['普通'],True
6094d4c90fea790001818303,unset,[],[],unset,['[]'],['[]'],True
6094d4b30fea7900018182fb,unset,[],[],unset,['[]'],['[]'],True
608a73400fea790001811f65,unset,[],[],unset,['野营'],['普通'],True
608a725e0fea790001811f29,unset,[],[],unset,['[]'],['[]'],True
608a72520fea790001811f23,special,[],[],special,['[]'],['[]'],True
608a72450fea790001811f1a,unset,[],[],unset,['厅堂内景'],['普通'],True
60891340508bb20001b80621,unset,[],[],unset,['厅堂内景'],['普通'],True
60811e6a508bb20001b7853c,unset,[],[],unset,['狗'],['普通'],True
6077f79888b01b00010d0bbb,unset,['独栋房屋'],['每周收集活动'],unset,"['困难', '独栋房屋']","['每周收集活动', '普通', '黑白线框']",True
607463f4508bb20001b6a2ee,unset,[],[],unset,['猫'],['普通'],True
606eda4f3b506c0001f4abda,special,[],[],special,['[]'],['[]'],True
606c3b663b506c0001f475de,unset,[],[],unset,['厅堂内景'],['普通'],True
606700043b506c0001f44acb,unset,[],[],unset,['厅堂内景'],['普通'],True
6066ffe33b506c0001f44ab4,unset,[],[],unset,['丘陵'],['普通'],True
6066dae13b506c0001f4413c,unset,[],[],unset,['汽车'],['普通'],True
6062e3c5c3b72f000147ee1a,unset,[],[],unset,['困难'],['[]'],True
6062e248c3b72f000147ee0a,special,[],[],special,['[]'],['[]'],True
6062e1f8c3b72f000147ee06,unset,[],[],unset,['困难'],['[]'],True
6062e00fc3b72f000147edec,unset,[],[],unset,['困难'],['[]'],True
6062dfe5c3b72f000147edea,unset,[],[],unset,['困难'],[],True
6062def5c3b72f000147edde,unset,[],[],unset,['困难'],[],True
6062de98c3b72f000147edd6,unset,[],[],unset,['[]'],['[]'],True
6062de18c3b72f000147edce,unset,[],[],unset,['无名花'],['普通'],True
6062dd91c3b72f000147edc4,unset,[],[],unset,['困难'],['[]'],True
6062dd40c3b72f000147edc0,unset,[],[],unset,['困难'],['[]'],True
6062dd10c3b72f000147edbc,unset,[],[],unset,['困难'],['[]'],True
6062dc27c3b72f000147edb0,special,[],[],special,['女人'],['一般彩绘'],True
605d881b70582700011856bd,special,[],[],special,['猫'],['一般彩绘'],True
605d881b70582700011856ba,special,[],[],special,['困难'],['[]'],True
605d881b70582700011856b9,special,[],[],special,['[]'],['[]'],True
605d881b70582700011856b4,special,[],[],special,['[]'],['[]'],True
605d881b70582700011856af,special,[],[],special,['无名花'],['一般彩绘'],True
605d881b70582700011856ab,unset,[],[],unset,['[]'],['[]'],True
605d881b70582700011856a7,unset,[],[],unset,['困难'],[],True
605d881b705827000118568d,unset,[],[],unset,['困难'],[],True
605d881b7058270001185684,unset,[],[],unset,['[]'],['[]'],True
605d881b705827000118567f,unset,[],[],unset,['困难'],['复活节'],True
605d881a7058270001185662,unset,['恐龙'],[],unset,"['困难', '恐龙']","['曼陀罗+', '普通', '黑白线框']",True
605d881a705827000118565c,unset,[],['试新素材'],unset,['困难'],['试新素材'],True
605d881a705827000118564c,unset,[],['试新素材'],unset,['火'],"['音乐', '试新素材', '黑白线框', '普通']",True
605d881a7058270001185643,unset,[],['试新素材'],unset,['茶杯水壶'],"['试新素材', '黑白线框', '普通']",True
605d881a7058270001185641,unset,['沙滩'],[],unset,"['困难', '沙滩']","['普通', '黑白线框']",True
605d881a7058270001185640,unset,[],[],unset,['厅堂内景'],['普通'],True
605d881a7058270001185638,unset,['猫头鹰'],['边缘卡点素材'],unset,"['困难', '猫头鹰']","['边缘卡点素材', '普通', '黑白线框']",True
605d881a705827000118562e,unset,[],[],unset,"['困难', '鸟']","['BP复用', '普通', '黑白线框']",True
605d881a705827000118562b,unset,[],[],unset,['无名花'],['普通'],True
605d881a705827000118562a,unset,['多人'],[],unset,"['困难', '多人']","['曼陀罗+', '普通', '黑白线框']",True
605d881a7058270001185624,unset,['曼陀罗'],['边缘卡点素材'],unset,"['曼陀罗', '高楼大厦']","['边缘卡点素材', '普通', '黑白线框']",True
605d881a705827000118561f,unset,[],[],unset,['困难'],[],True
605d881a705827000118561e,unset,[],[],unset,['困难'],[],True
605d881a7058270001185615,unset,[],[],unset,['困难'],['[]'],True
605d881a7058270001185610,unset,[],[],unset,['[]'],['[]'],True
605d881a705827000118560c,unset,[],[],unset,"['困难', '厅堂内景']",['普通'],True
605d881a705827000118560b,unset,[],[],unset,['困难'],[],True
605d881a705827000118560a,unset,[],[],unset,['困难'],[],True
605d881a7058270001185608,unset,[],[],unset,['困难'],['[]'],True
605d881a7058270001185604,unset,[],[],unset,['困难'],[],True
605d881a7058270001185603,unset,[],[],unset,['无名花'],['普通'],True
605d881a70582700011855fe,unset,['灯笼'],[],unset,"['困难', '灯笼']",['普通'],True
605d881a70582700011855f7,unset,[],[],unset,['豹'],['普通'],True
605d881a70582700011855f5,unset,[],[],unset,['[]'],['[]'],True
605d881a70582700011855f3,unset,[],[],unset,"['困难', '厅堂内景']",['普通'],True
624c545b95d0f00001deaad3,unset,[],[],unset,['厅堂内景'],['普通'],True
61cc56268be0430001bc4b66,unset,[],[],unset,['汽车'],['普通'],True
61cc56258be0430001bc4b64,unset,[],[],unset,['豹'],['普通'],True
61cc56178be0430001bc4b5a,unset,['日历'],[],unset,"['日历', '新年']",['普通'],True
61bbfdefbc452d0001ac85a0,unset,[],[],unset,['狗'],['普通'],True
61b9560bbc452d0001abd1b4,unset,[],[],unset,['鸟'],['普通'],True
61b2bf6b38799c00012f9f7d,unset,[],[],unset,"['汽车', '圣诞节']",['普通'],True
61a6e5b327f6cc0001649b03,unset,[],[],unset,['食谱'],['普通'],True
61a5c53d9326e90001ca0c5f,unset,[],[],unset,['汽车'],['普通'],True
619f64ad81a41400018850ea,unset,[],[],unset,['鸟'],['普通'],True
618205c36e978b0001726ce4,unset,[],[],unset,['狗'],['普通'],True
618115f5bfbaf10001c18bf0,unset,[],[],unset,['时装'],['普通'],True
6172490189be730001dd56c8,unset,[],[],unset,['船'],['普通'],True
614fd93c38e2c5000165ad3c,unset,[],[],unset,['女人'],['普通'],True
613ac11438e2c5000163db58,blend,[],['无线框'],blend,['无名画作'],"['普通', '无线框']",True
632045a63fe5b8000128dff8,unset,[],['ZenColor Daily'],unset,['日式建筑'],"['宁静', 'ZenColor Daily']",True
63187c363fe5b80001282437,unset,[],"['亲情', 'ZenColor Daily']",unset,['钓鱼'],"['亲情', 'ZenColor Daily']",True
612393e638e2c500016151d7,unset,[],[],unset,['中式建筑'],['普通'],True
60c2d8f6bdc97f0001659642,unset,[],[],unset,['箱包'],['普通'],True
60bf102cbdc97f0001655038,unset,[],[],unset,['奶茶果汁'],['普通'],True
60b8aa6ea745bb0001696906,unset,[],[],unset,['船'],['普通'],True
60b8aa3aa745bb00016968e0,unset,[],[],unset,['火车'],['普通'],True
60b7701228b26400016e61c6,unset,[],[],unset,['丘陵'],['普通'],True
60b0927b6ebcf900012e735c,unset,[],[],unset,['无名花'],['普通'],True
60b091ff6ebcf900012e734a,unset,[],[],unset,['猫'],['普通'],True
60aa808fb6c3cf0001fab85a,unset,[],[],unset,['女人'],['普通'],True
60a7dbfeb6c3cf0001fab13f,unset,[],[],unset,['刺青'],['普通'],True
609917ab0fea79000181dffc,unset,[],[],unset,['女人'],['普通'],True
609917a30fea79000181dff2,unset,[],[],unset,['狗'],[],True
609917750fea79000181dfd8,unset,[],[],unset,['厅堂内景'],['普通'],True
6099176b0fea79000181dfce,unset,[],[],unset,['咖啡茶饮'],['普通'],True
60962e070fea79000181a615,special,[],[],special,['猫'],['一般彩绘'],True
60962da20fea79000181a607,unset,[],[],unset,['女人'],['普通'],True
6094d6010fea790001818334,unset,[],[],unset,['无名花'],['普通'],True
6094d4bc0fea7900018182ff,unset,[],[],unset,['平铺'],['普通'],True
6094b6920fea790001817f84,unset,[],[],unset,['狗'],['普通'],True
609387ef0fea7900018166b1,unset,[],[],unset,['爱心'],['普通'],True
608911cf508bb20001b8059a,unset,[],[],unset,['鸟'],['普通'],True
60854424508bb20001b7bcde,special,[],[],special,['沙漏钟表'],['一般彩绘'],True
60811eb4508bb20001b7855a,unset,[],[],unset,['波普风'],['普通'],True
60811eb2508bb20001b78558,unset,[],[],unset,['中式建筑'],['普通'],True
60811e86508bb20001b78544,unset,[],[],unset,['狗'],['普通'],True
60811e81508bb20001b78540,unset,[],[],unset,['男人'],['普通'],True
60811e5d508bb20001b78538,unset,[],[],unset,['滑雪'],['普通'],True
60811e5c508bb20001b78536,unset,[],[],unset,['飞船'],['普通'],True
607d6022508bb20001b73af8,unset,[],[],unset,['男人'],['普通'],True
607d6024508bb20001b73afc,unset,[],[],unset,['刺绣'],['普通'],True
607d6028508bb20001b73afe,unset,[],[],unset,['萨克斯风'],['普通'],True
607d5fee508bb20001b73ad5,unset,[],[],unset,['火车'],['普通'],True
60795920508bb20001b703df,unset,[],[],unset,['沙漏钟表'],['普通'],True
60768295508bb20001b6c6b6,unset,[],[],unset,['汽车'],['普通'],True
6075a28e508bb20001b6ba50,special,[],[],special,['女人'],['一般彩绘'],True
6075a207508bb20001b6ba4a,unset,[],[],unset,['潜水'],['普通'],True
6075a1e9508bb20001b6ba48,unset,[],[],unset,['鱼'],['普通'],True
60746551508bb20001b6a2f9,unset,[],[],unset,['鞋'],['普通'],True
6074635c508bb20001b6a2ea,unset,[],[],unset,['猫'],['普通'],True
60707726508bb20001b675d3,unset,[],[],unset,['邮箱'],['普通'],True
606edd323b506c0001f4acc5,unset,[],[],unset,['混合蔬果'],['普通'],True
606edd193b506c0001f4acbc,unset,[],[],unset,['女人'],['普通'],True
606c3c523b506c0001f47657,unset,[],[],unset,['足球橄榄球'],['普通'],True
606c3c383b506c0001f47647,unset,[],[],unset,['高楼大厦'],['普通'],True
606c3ba03b506c0001f475fa,unset,[],[],unset,['彩妆'],['普通'],True
6066ffbd3b506c0001f44aa8,unset,[],[],unset,['飞船'],['普通'],True
6066ff563b506c0001f44a83,unset,[],[],unset,['女人'],['普通'],True
6066db5a3b506c0001f44154,special,[],[],special,['印度人'],['一般彩绘'],True
6066db203b506c0001f44148,special,[],[],special,['湖'],['一般彩绘'],True
6066da423b506c0001f440f8,unset,[],[],unset,['咖啡茶饮'],['普通'],True
6062e34cc3b72f000147ee14,unset,[],[],unset,['困难'],[],True
6062e1cdc3b72f000147ee04,unset,[],[],unset,['困难'],[],True
6062e1a3c3b72f000147ee02,unset,[],[],unset,['困难'],[],True
6062e110c3b72f000147edfc,unset,[],[],unset,['困难'],[],True
6062e0b7c3b72f000147edf6,unset,[],[],unset,['困难'],[],True
6062e08fc3b72f000147edf4,unset,[],[],unset,['愚人节'],['普通'],True
6062e089c3b72f000147edf2,unset,[],[],unset,['无名画作'],['普通'],True
6062e037c3b72f000147edee,unset,[],[],unset,['困难'],[],True
6062df96c3b72f000147ede6,unset,[],[],unset,['女人'],['普通'],True
6062df6ec3b72f000147ede4,unset,[],[],unset,['困难'],[],True
6062dec7c3b72f000147edda,unset,[],[],unset,['困难'],[],True
6062dd69c3b72f000147edc2,unset,[],[],unset,['困难'],[],True
605d881b70582700011856a9,unset,[],[],unset,['困难'],[],True
605d881b70582700011856a8,unset,[],[],unset,['困难'],[],True
605d881b70582700011856a6,unset,[],[],unset,['困难'],[],True
605d881b70582700011856a5,unset,[],[],unset,['困难'],[],True
605d881b70582700011856a2,unset,[],[],unset,['困难'],[],True
605d881b705827000118569f,unset,[],[],unset,['困难'],[],True
605d881b705827000118569c,unset,[],[],unset,['困难'],[],True
605d881b705827000118569a,unset,[],[],unset,['困难'],[],True
605d881b7058270001185696,unset,[],[],unset,['困难'],[],True
605d881b7058270001185695,unset,[],[],unset,['困难'],[],True
605d881b7058270001185691,unset,[],[],unset,['困难'],[],True
605d881b705827000118568b,unset,[],[],unset,['困难'],[],True
605d881b7058270001185680,unset,[],['插画试新素材'],unset,['困难'],['插画试新素材'],True
605d881b7058270001185678,unset,[],[],unset,['困难'],[],True
605d881b7058270001185676,unset,[],[],unset,['鹿'],['普通'],True
605d881b7058270001185675,unset,[],[],unset,['困难'],[],True
605d881b7058270001185674,unset,[],[],unset,['困难'],['曼陀罗+'],True
605d881a7058270001185668,unset,[],['试新素材'],unset,['困难'],['试新素材'],True
605d881a7058270001185665,unset,[],['试新素材'],unset,['困难'],['试新素材'],True
605d881a7058270001185664,unset,[],[],unset,['困难'],['曼陀罗+'],True
605d881a7058270001185661,unset,['捕梦网'],[],unset,"['困难', '捕梦网']","['曼陀罗+', '黑白线框', '普通']",True
605d881a705827000118565e,unset,[],['试新素材'],unset,['困难'],['试新素材'],True
605d881a7058270001185659,unset,['天鹅'],[],unset,"['简单', '天鹅']","['普通', '黑白线框']",True
605d881a7058270001185656,unset,[],[],unset,['无名花'],['普通'],True
605d881a7058270001185655,unset,[],[],unset,['湖'],"['灰度素材', '普通']",True
605d881a7058270001185650,unset,['曼陀罗'],[],unset,"['困难', '曼陀罗']","['曼陀罗+', '黑白线框', '普通']",True
605d881a705827000118564d,unset,[],[],unset,['无名花'],['普通'],True
605d881a705827000118563d,unset,[],[],unset,['困难'],[],True
605d881a705827000118563b,unset,[],['试新素材'],unset,['厅堂内景'],"['试新素材', '普通', '黑白线框']",True
605d881a7058270001185636,unset,['魔方'],[],unset,"['困难', '魔方']","['曼陀罗+', '黑白线框', '普通']",True
605d881a7058270001185632,unset,['鸳鸯'],[],unset,"['困难', '鸳鸯']","['曼陀罗+', '普通', '黑白线框']",True
605d881a7058270001185631,unset,[],[],unset,"['困难', '中式建筑']","['曼陀罗+', '普通', '黑白线框']",True
605d881a705827000118562c,unset,['飞机'],[],unset,"['困难', '飞机']","['普通', '黑白线框']",True
605d881a7058270001185629,unset,[],[],unset,"['困难', '湖']","['普通', '黑白线框', '曼陀罗+']",True
605d881a7058270001185628,unset,[],[],unset,"['困难', '汽车']","['普通', '黑白线框']",True
605d881a7058270001185625,unset,['梨'],[],unset,"['困难', '梨']","['曼陀罗+', '普通', '黑白线框']",True
605d881a7058270001185623,unset,[],['试新素材'],unset,['厅堂内景'],"['试新素材', '普通', '黑白线框']",True
605d881a705827000118561d,unset,[],[],unset,['困难'],[],True
605d881a7058270001185614,unset,[],[],unset,['豹'],['普通'],True
605d881a705827000118560d,unset,[],[],unset,['困难'],[],True
605d881a7058270001185606,unset,[],[],unset,['困难'],[],True
605d881a7058270001185605,unset,[],[],unset,['困难'],[],True
605d881a7058270001185601,unset,['赛车'],[],unset,"['困难', '赛车']",['普通'],True
605d881a7058270001185600,unset,[],[],unset,['困难'],[],True
605d881a70582700011855fd,unset,[],[],unset,['困难'],[],True
605d881a70582700011855fc,unset,['磁带'],[],unset,"['困难', '磁带']",['普通'],True
605d881a70582700011855f2,unset,['曼陀罗'],[],unset,"['困难', '曼陀罗']",['普通'],True
630f4fa23fe5b8000126e335,unset,[],['ZenColor Daily'],unset,['鸟'],"['ZenColor Daily', '希望']",True
63033da0741f9700015c1201,unset,[],['ZenColor Daily'],unset,['无名花'],"['ZenColor Daily', '希望']",True
62fb75f7741f9700015b1d56,unset,[],['ZenColor Daily'],unset,['足球橄榄球'],"['ZenColor Daily', '兴趣']",True
62fe0e16741f9700015ba6a8,unset,[],['ZenColor Daily'],unset,['男人'],"['ZenColor Daily', '希望']",True
62f9efd1ddee5b0001a244e6,unset,[],['ZenColor Daily'],unset,['树木'],"['ZenColor Daily', '宁静']",True
62fb75f3741f9700015b1d50,unset,[],"['ZenColor Daily', 'ZenColor速写图']",unset,['城堡宫殿'],"['ZenColor Daily', 'ZenColor速写图']",True
62fb75f4741f9700015b1d52,unset,[],['ZenColor Daily'],unset,['鸟'],"['ZenColor Daily', '希望']",True
62fe0e4d741f9700015ba6d3,unset,[],['ZenColor Daily'],unset,['树木'],"['宁静', 'ZenColor Daily']",True
62f5fd74ddee5b0001a1f393,unset,[],['ZenColor Daily'],unset,['汽车'],"['ZenColor Daily', '宁静']",True
62f5fd72ddee5b0001a1f390,unset,[],"['ZenColor Daily', '美好事物带来的愉悦']",unset,['无名花'],"['ZenColor Daily', '美好事物带来的愉悦']",True
62f9f7a0ddee5b0001a24a60,unset,[],['ZenColor Daily'],unset,['鹿'],"['ZenColor Daily', '希望']",True
62abf8b29ad9c40001532978,special,[],[],special,['猫'],['一般彩绘'],True
62abf62a9ad9c400015326ba,unset,[],[],unset,['女人'],['普通'],True
62abf6289ad9c400015326b8,unset,[],[],unset,['箱包'],['普通'],True
62abf3b09ad9c4000153240b,unset,[],[],unset,['湖'],['普通'],True
62aaae0262c2330001bc86ba,blend,[],[],blend,['日出'],['普通'],True
62a600db9ff9b200019cd8dc,unset,[],[],unset,['火车'],['普通'],True
62a5ff4f9ff9b200019cd8d9,unset,[],[],unset,['时装'],['普通'],True
62a5ff4c9ff9b200019cd8d3,unset,[],[],unset,['无名画作'],['普通'],True
62a5fed49ff9b200019cd8c8,unset,[],[],unset,['女人'],['普通'],True
62a5fc579ff9b200019cd8ab,unset,[],[],unset,['湖'],['普通'],True
62a5fc569ff9b200019cd8a7,unset,[],[],unset,['汽车'],['普通'],True
62a208ce98a9fd0001cc857b,unset,[],[],unset,['汽车'],['普通'],True
62a2076a98a9fd0001cc851b,unset,[],[],unset,['沙漏钟表'],['普通'],True
62a2069398a9fd0001cc84d9,unset,[],[],unset,['女人'],['普通'],True
62a2069098a9fd0001cc84d3,unset,[],[],unset,['抽象画风'],['普通'],True
62a2061198a9fd0001cc84c6,unset,[],[],unset,['夜晚'],['普通'],True
62a06de198a9fd0001cbfc3a,blend,[],[],blend,['壳'],['普通'],True
62a06b6798a9fd0001cbf938,unset,[],[],unset,['女人'],['普通'],True
62a066d298a9fd0001cbf510,unset,[],[],unset,['湖'],['普通'],True
629ccbb298a9fd0001cb126e,unset,[],[],unset,['快餐'],['普通'],True
629cca8898a9fd0001cb1258,unset,[],[],unset,['女人'],['普通'],True
629cc65998a9fd0001cb1221,special,[],[],special,['鹿'],['一般彩绘'],True
6295c882c8e2be0001c0515f,unset,[],[],unset,['爱心'],['普通'],True
6295c676c8e2be0001c0507c,unset,[],[],unset,['厅堂内景'],['普通'],True
6295c405c8e2be0001c04f69,unset,[],[],unset,['萨克斯风'],['普通'],True
62906d2dc8e2be0001bf84d2,unset,[],[],unset,['箱包'],['普通'],True
628eec0dc8e2be0001bf2393,unset,[],[],unset,['四个季节'],['普通'],True
628ce66c8a23780001812fd9,unset,[],[],unset,['平铺'],['普通'],True
628b3b99af14040001d1efc0,unset,[],[],unset,['行星'],['普通'],True
62834c9747b1940001b06025,unset,[],[],unset,['船'],['普通'],True
62834c9647b1940001b06024,special,[],[],special,['树木'],['一般彩绘'],True
6281c611f5dc770001cfda7e,special,[],[],special,['汽车'],['一般彩绘'],True
6281c1dbf5dc770001cfd872,unset,[],[],unset,['女人'],['普通'],True
627e1b25f5dc770001cf8fdc,unset,[],[],unset,['河'],['普通'],True
627e18c1f5dc770001cf8d8f,unset,[],[],unset,['夜晚'],['普通'],True
6276193f6ad87300014354dd,special,[],['运营型节日素材'],special,['母亲节'],"['运营型节日素材', '一般彩绘']",True
62760b3c6ad8730001434da2,unset,[],[],unset,['豹'],['普通'],True
62760940c924c50001d6a212,special,[],[],special,['飞船'],['一般彩绘'],True
626b58db751b7c0001763642,unset,[],[],unset,['中国舞狮'],['普通'],True
626b57a5751b7c000176358a,unset,[],[],unset,['汽车'],['普通'],True
626b5618751b7c000176349b,unset,[],[],unset,['女人'],['普通'],True
626b54a3751b7c00017633f5,unset,[],[],unset,['女人'],['普通'],True
626b50a1751b7c000176318f,unset,[],[],unset,['平铺'],['普通'],True
6267bdbe85d892000114c3f9,unset,[],[],unset,['首饰杂汇'],['普通'],True
6267bca685d892000114c2b0,unset,[],[],unset,['河'],['普通'],True
62666b0091eb47000189f0d9,unset,[],[],unset,['扑克'],['普通'],True
62666ac791eb47000189f0c2,unset,[],[],unset,['平铺'],['普通'],True
6266699791eb47000189f02f,unset,[],[],unset,['咖啡茶饮'],['普通'],True
626668dd91eb47000189eff2,unset,[],[],unset,['汽车'],['普通'],True
6264fd1e91eb4700018990d2,special,[],[],special,['狗'],['一般彩绘'],True
62615edf91eb470001890d64,unset,[],[],unset,['汽车'],['普通'],True
62615ecf91eb470001890d5c,unset,[],[],unset,['平铺'],['普通'],True
625d2c5b95d0f00001e16839,unset,[],[],unset,['平铺'],['普通'],True
625d2bf395d0f00001e16805,unset,[],[],unset,['平铺'],['普通'],True
625d2bca95d0f00001e167fc,unset,[],[],unset,['女人'],['普通'],True
625d29c795d0f00001e166da,unset,[],[],unset,['平铺'],['普通'],True
625d27f795d0f00001e1663f,unset,[],[],unset,['湖'],['普通'],True
6257c16295d0f00001e0a7fc,unset,[],[],unset,['树木'],['普通'],True
6257bea995d0f00001e0a6a0,unset,[],[],unset,['平铺'],['普通'],True
62564e4295d0f00001e05139,unset,[],[],unset,['咖啡茶饮'],['普通'],True
62564daa95d0f00001e05109,unset,[],[],unset,['猫'],['普通'],True
62564c7295d0f00001e0502e,unset,[],[],unset,['男人'],['普通'],True
62564c6395d0f00001e05018,unset,[],[],unset,['桥梁灯塔'],['普通'],True
62564c3995d0f00001e04ff2,unset,[],[],unset,['男人'],['普通'],True
62564c2e95d0f00001e04fe7,unset,[],[],unset,['火'],['普通'],True
6252e57795d0f00001dfa37d,unset,[],[],unset,['高楼大厦'],['普通'],True
6252e3ef95d0f00001dfa359,unset,[],[],unset,['女人'],['普通'],True
6252e3aa95d0f00001dfa353,unset,[],[],unset,['汽车'],['普通'],True
6252e36d95d0f00001dfa349,unset,[],[],unset,['汽车'],['普通'],True
624eaf0b95d0f00001df2f50,unset,[],[],unset,['平铺'],['普通'],True
624eae3995d0f00001df2eb2,unset,[],[],unset,['梵高星空'],['普通'],True
624c545795d0f00001deaad1,unset,[],[],unset,['鞋'],['普通'],True
624734a195d0f00001de4ef7,unset,[],['采购素材'],unset,['无名花'],"['采购素材', '普通']",True
6247349e95d0f00001de4ef5,unset,[],[],unset,['豹'],['普通'],True
6247349a95d0f00001de4ef3,unset,[],[],unset,['平铺'],['普通'],True
6247347b95d0f00001de4ee1,unset,[],['采购素材'],unset,['首饰杂汇'],"['采购素材', '普通']",True
6247347895d0f00001de4edf,unset,[],['采购素材'],unset,['女人'],"['采购素材', '普通']",True
624733bf95d0f00001de4ecd,unset,[],[],unset,['平铺'],['普通'],True
624733b895d0f00001de4ecb,unset,[],[],unset,['湖'],['普通'],True
624733a595d0f00001de4ec7,unset,[],[],unset,['女人'],['普通'],True
624733a295d0f00001de4ec5,unset,[],['采购素材'],unset,['鞋'],"['采购素材', '普通']",True
624429bb95d0f00001dd8bbd,unset,[],[],unset,['船'],['普通'],True
624429ac95d0f00001dd8b96,unset,[],['采购素材'],unset,['汽车'],"['采购素材', '普通']",True
624429ae95d0f00001dd8b9a,unset,[],[],unset,['河'],['普通'],True
624429b095d0f00001dd8b9c,unset,[],[],unset,['女人'],['普通'],True
6244288132c22800016e9da7,unset,[],['采购素材'],unset,['汽车'],"['采购素材', '普通']",True
6244287a32c22800016e9da3,unset,[],[],unset,['咖啡茶饮'],['普通'],True
6243f35432c22800016e839e,unset,[],[],unset,['快餐'],['普通'],True
623dc494d2f8f7000129fc1c,special,[],[],special,['汽车'],['一般彩绘'],True
623dc468d2f8f7000129fc02,special,[],[],special,['猫'],['一般彩绘'],True
623dc1aed2f8f7000129fb82,unset,[],[],unset,['船'],['普通'],True
623dbfead2f8f7000129fb1c,unset,[],[],unset,['咖啡茶饮'],['普通'],True
623dbfc7d2f8f7000129fb05,unset,[],[],unset,['汽车'],['普通'],True
623dbf2bd2f8f7000129faef,unset,[],[],unset,['平铺'],['普通'],True
623dbf04d2f8f7000129fae0,unset,[],[],unset,['箱包'],['普通'],True
623dbe0dd2f8f7000129facc,unset,[],[],unset,['无名花'],['普通'],True
623dbca0d2f8f7000129faa6,special,[],[],special,['汽车'],['一般彩绘'],True
623dbc97d2f8f7000129faa0,special,[],[],special,['泳池乐园'],['一般彩绘'],True
623aae3960e32700015c5a8c,unset,[],[],unset,['羚羊'],['普通'],True
623aae4060e32700015c5a91,unset,[],[],unset,['女人'],['普通'],True
623aae3260e32700015c5a88,unset,[],[],unset,['火车'],['普通'],True
623aacb460e32700015c5a37,unset,[],[],unset,['无名花'],['普通'],True
6234a08d0f0b9b0001207509,unset,[],[],unset,['飞船'],['普通'],True
6234a0820f0b9b00012074ff,unset,[],[],unset,['女人'],['普通'],True
62349e430f0b9b00012074c9,unset,[],[],unset,['女人'],['普通'],True
62349d5d0f0b9b00012074bf,unset,[],[],unset,['女人'],['普通'],True
6231541a0f0b9b00011f96ab,unset,[],[],unset,['扑克'],['普通'],True
6231481c0f0b9b00011f912e,unset,[],[],unset,['汽车'],['普通'],True
623147e40f0b9b00011f910b,unset,[],[],unset,['女人'],['普通'],True
622f02320f0b9b00011f186a,unset,[],[],unset,['时装'],['普通'],True
622b3ba50f0b9b00011ee0ef,unset,[],[],unset,['平铺'],['普通'],True
622b28310f0b9b00011eda8f,unset,[],[],unset,['男人'],['普通'],True
622b28290f0b9b00011eda7e,unset,[],[],unset,['女人'],['普通'],True
622967932fbeaf000113779a,unset,[],[],unset,['薰衣草花海'],['普通'],True
62289e6b2fbeaf000113668a,unset,[],[],unset,['圣帕特里克节'],['普通'],True
62289e692fbeaf0001136688,unset,[],[],unset,['圣帕特里克节'],['普通'],True
62289e682fbeaf0001136683,unset,[],[],unset,['圣帕特里克节'],['普通'],True
62289db02fbeaf0001136639,special,[],[],special,['城堡宫殿'],['一般彩绘'],True
62286d9b2fbeaf00011343cd,unset,[],[],unset,['沙漏钟表'],['普通'],True
6225dd7e2fbeaf000112b5a1,unset,[],[],unset,['骑士'],['普通'],True
6225d9bf2fbeaf000112b281,unset,[],[],unset,['鸟'],['普通'],True
6225d5cb2fbeaf000112ae67,unset,[],[],unset,['城堡宫殿'],['普通'],True
6220b3391a7f6900012aa929,unset,[],[],unset,['女人'],['普通'],True
6220b31a1a7f6900012aa921,unset,[],[],unset,['平铺'],['普通'],True
6220b1b41a7f6900012aa86f,unset,[],[],unset,['湖'],['普通'],True
6220b08a1a7f6900012aa7ad,unset,[],[],unset,['树木'],['普通'],True
6220af6c1a7f6900012aa72e,unset,[],[],unset,['汽车'],['普通'],True
622090f533e3b600019a55ee,unset,[],[],unset,['飞船'],['普通'],True
62208e858b913000012582e4,unset,[],[],unset,['桥梁灯塔'],['普通'],True
62208e758b913000012582c1,unset,[],['采购素材'],unset,['船'],"['采购素材', '普通']",True
62208ddc8b9130000125823f,unset,[],[],unset,['汽车'],['普通'],True
62208dc28b91300001258220,unset,[],[],unset,['高楼大厦'],['普通'],True
6218b59347e8d40001f9ecd6,unset,[],[],unset,['女人'],['普通'],True
6218b56647e8d40001f9ec73,unset,[],[],unset,['船'],['普通'],True
6218b55947e8d40001f9ec58,unset,[],[],unset,['平铺'],['普通'],True
6218b55347e8d40001f9ec4a,unset,[],[],unset,['平铺'],['普通'],True
62177efd47e8d40001f99b11,unset,[],[],unset,['快餐'],['普通'],True
6217314247e8d40001f96f1d,unset,[],[],unset,['汽车'],['普通'],True
6217065086d48b0001c6c115,unset,[],[],unset,['汽车'],['普通'],True
6217063c86d48b0001c6c110,unset,[],[],unset,['汽车'],['普通'],True
6215a46786d48b0001c65f7c,unset,[],[],unset,['滑雪'],['普通'],True
621304cd86d48b0001c5b53a,unset,[],[],unset,['海马体'],['普通'],True
620f3f2bf28c8400018a0e8d,unset,[],[],unset,['汽车'],['普通'],True
62032788f28c84000187ad9a,unset,[],[],unset,['汽车'],['普通'],True
6203277af28c84000187ad8f,unset,[],[],unset,['船'],['普通'],True
61ea98728918b20001f12936,special,[],[],special,['猫'],['一般彩绘'],True
61ea98838918b20001f12945,unset,[],[],unset,['汽车'],['普通'],True
61ea986f8918b20001f12932,unset,[],[],unset,['奶茶果汁'],['普通'],True
61ea985a8918b20001f12918,unset,[],[],unset,['城堡宫殿'],['普通'],True
61ea98568918b20001f12914,unset,[],[],unset,['汽车'],['普通'],True
61ea984c8918b20001f12907,unset,[],['无线框'],unset,['豹'],"['普通', '无线框']",True
61ea98448918b20001f128fe,unset,[],['无线框'],unset,['猫'],"['普通', '无线框']",True
61ea97fa8918b20001f128d7,unset,[],[],unset,['女人'],['普通'],True
61dea92d85bc0c00010d83ce,unset,[],[],unset,['沙漏钟表'],['普通'],True
61dbcbc185bc0c00010cbf4c,unset,[],[],unset,['平铺'],['普通'],True
61d7cded85bc0c00010c3fdf,unset,[],[],unset,['树木'],['普通'],True
61d6a7a35beb070001346d1e,unset,[],[],unset,['树木'],['普通'],True
61cc56198be0430001bc4b5c,unset,['仙女精灵'],[],unset,"['仙女精灵', '新年']",['普通'],True
61cae88a8be0430001bbcf05,unset,[],[],unset,['城堡宫殿'],['普通'],True
61cae8878be0430001bbcefb,unset,[],[],unset,['鱼'],['普通'],True
61c9a23ef44420000167c915,unset,[],[],unset,['平铺'],['普通'],True
61bfe642bc452d0001acf824,unset,[],[],unset,['混合蔬果'],['普通'],True
61bae600bc452d0001ac40ff,unset,[],[],unset,['狗'],['普通'],True
61b9a523bc452d0001abf983,unset,[],[],unset,['圣诞节'],['普通'],True
61b9a524bc452d0001abf985,unset,[],[],unset,['圣诞节'],['普通'],True
61b9a520bc452d0001abf980,unset,[],[],unset,['圣诞节'],['普通'],True
61b9a51abc452d0001abf971,unset,['圣诞老人'],[],unset,"['圣诞老人', '圣诞节']",['普通'],True
61b9a518bc452d0001abf96f,unset,[],[],unset,"['无名花', '圣诞节']",['普通'],True
61b9a50bbc452d0001abf955,special,['雪人'],[],special,"['雪人', '圣诞节']",['一般彩绘'],True
61b9a508bc452d0001abf946,special,['蛋糕'],[],special,"['蛋糕', '圣诞节']",['一般彩绘'],True
61b9a506bc452d0001abf944,special,['水晶球'],[],special,"['水晶球', '圣诞节']",['一般彩绘'],True
61b9a4fcbc452d0001abf939,special,[],[],special,['圣诞节'],['一般彩绘'],True
61b9a4eebc452d0001abf91a,unset,[],[],unset,['树木'],['普通'],True
61b9a4edbc452d0001abf916,unset,[],[],unset,['行星'],['普通'],True
61b95607bc452d0001abd1b0,unset,['曼陀罗'],[],unset,"['曼陀罗', '圣诞节']",['普通'],True
61b2d22538799c00012fa747,unset,[],[],unset,['平铺'],['普通'],True
61b2bf7438799c00012f9f89,unset,[],[],unset,['圣诞节'],['普通'],True
61b2bf7238799c00012f9f87,unset,[],[],unset,['圣诞节'],['普通'],True
61b2bf6f38799c00012f9f81,unset,[],[],unset,['圣诞节'],['普通'],True
61b2bf6d38799c00012f9f7f,unset,['雪人'],[],unset,"['雪人', '圣诞节']",['普通'],True
61b2bf6938799c00012f9f78,unset,[],[],unset,"['鸟', '圣诞节']",['普通'],True
61b2bf6538799c00012f9f73,unset,[],[],unset,"['汽车', '圣诞节']",['普通'],True
61b00f1d27f6cc0001666482,unset,[],[],unset,['鱼'],['普通'],True
61af089427f6cc00016626f9,unset,[],[],unset,['平铺'],['普通'],True
61a9810a27f6cc000165446f,unset,[],[],unset,['女人'],['普通'],True
61a740a427f6cc000164c921,unset,[],['无线框'],unset,['无名画作'],"['普通', '无线框']",True
61a6e45c27f6cc0001649a41,unset,[],[],unset,['手机电话'],['普通'],True
61a5a23f9326e90001c9ff7b,unset,[],[],unset,['美妆'],['普通'],True
61a5a1fc9326e90001c9ff62,special,[],[],special,['狗'],['一般彩绘'],True
61a4a7d69326e90001c9d471,unset,[],[],unset,['面条'],['普通'],True
61a4555e19d5fd0001d6895f,unset,[],[],unset,['鱼'],['普通'],True
619f492181a4140001884604,unset,[],[],unset,['无名花'],['普通'],True
619e17f981a414000188027f,blend,['水晶球'],['无线框'],blend,"['水晶球', '圣诞节']","['普通', '无线框']",True
619df3c881a414000187eac3,unset,[],[],unset,['鞋'],['普通'],True
619b5c2e81a4140001874171,unset,[],['无线框'],unset,['女人'],"['普通', '无线框']",True
619b5c2681a4140001874164,unset,[],[],unset,['食谱'],['普通'],True
619754392877f00001d73e39,special,[],[],special,['女人'],['一般彩绘'],True
619754272877f00001d73e23,special,[],[],special,['火车'],['一般彩绘'],True
619753cb2877f00001d73db9,special,[],[],special,['感恩节'],['感恩节'],True
619753b32877f00001d73da0,unset,[],[],unset,['感恩节'],['普通'],True
619753aa2877f00001d73d96,special,[],[],special,['薰衣草花海'],['一般彩绘'],True
619624f25352b8000147e3ac,unset,['独栋房屋'],[],unset,"['独栋房屋', '圣诞节']",['普通'],True
6194b9212ab761000172eb24,unset,[],[],unset,['鸟'],['普通'],True
61938b862ab761000172b224,unset,[],[],unset,['平铺'],['普通'],True
61936c382ab7610001729d35,mystery,[],['无线框'],mystery,['咖啡茶饮'],"['普通', '无线框']",True
6192459f3d1b3900011551bc,unset,[],[],unset,['汽车'],['普通'],True
6192458e3d1b3900011551b1,unset,[],[],unset,['汽车'],['普通'],True
618e3da9c287c60001cdba3b,unset,[],[],unset,['感恩节'],['普通'],True
618e0e7196c4920001241eb0,unset,[],['无线框'],unset,['无名画作'],"['普通', '无线框']",True
618e0e6f96c4920001241ead,unset,[],[],unset,['飞船'],['普通'],True
618b90bcc709ce00015a408e,unset,[],[],unset,['猫'],['普通'],True
618a58ff3c266f0001dafa72,unset,[],[],unset,['女人'],['普通'],True
618a45b33c266f0001daf4d4,unset,[],[],unset,['鱼'],['普通'],True
6189378a3c266f0001dacc25,unset,[],[],unset,['老兵节'],['普通'],True
6184f4ed817dd700013ea957,unset,[],[],unset,['快餐'],['普通'],True
618116e8bfbaf10001c18c36,unset,[],[],unset,['鱼'],['普通'],True
6181149bbfbaf10001c18bc4,unset,[],[],unset,['女人'],['普通'],True
617fa761adef110001e8c64a,unset,[],[],unset,['无名花'],['普通'],True
617f9a59adef110001e8c121,unset,[],[],unset,['茶杯水壶'],['普通'],True
617f7b5fadef110001e8ba7d,unset,[],[],unset,['女人'],['普通'],True
617bc99cadef110001e88eb4,unset,[],[],unset,['女人'],['普通'],True
617bc942adef110001e88e95,special,[],[],special,['豹'],['一般彩绘'],True
617bc95eadef110001e88e9c,special,[],[],special,['狗'],['一般彩绘'],True
617a4733d43ac00001c5fca5,unset,[],[],unset,['鱼'],['普通'],True
617918a2d43ac00001c5ccfa,unset,[],[],unset,['鸟'],['普通'],True
6178f896d43ac00001c5c00b,unset,[],[],unset,['汽车'],['普通'],True
6178e1dbd43ac00001c5b7bf,mystery,[],['无线框'],mystery,['树木'],"['普通', '无线框']",True
6177d8f02428b90001886c16,unset,[],[],unset,['鱼'],['普通'],True
617772dc2428b900018849bc,unset,[],[],unset,['猫'],['普通'],True
6176633f2428b90001881e6c,unset,[],[],unset,['桥梁灯塔'],['普通'],True
61729fb62428b9000187da62,unset,[],[],unset,['平铺'],['普通'],True
61729fb12428b9000187da56,unset,[],[],unset,['树木'],['普通'],True
61714f6489be730001dd3933,unset,[],[],unset,['火车'],['普通'],True
616fe15d36ba6f0001804985,unset,[],[],unset,['火车'],['普通'],True
616fdcae36ba6f00018046bc,unset,[],[],unset,['无名花'],['普通'],True
616e320b36ba6f00017ff0cd,unset,[],['无线框'],unset,['花篮'],"['普通', '无线框']",True
616e320536ba6f00017ff0c9,unset,[],[],unset,['厅堂内景'],['普通'],True
616e320c36ba6f00017ff0cf,unset,[],[],unset,['城堡宫殿'],['普通'],True
616e320336ba6f00017ff0c7,unset,[],[],unset,['湖'],['普通'],True
616e31f636ba6f00017ff0b9,unset,[],[],unset,['船'],['普通'],True
6168050a36ba6f00017f64dd,unset,[],[],unset,['汽车'],['普通'],True
6167d18f36ba6f00017f5506,unset,[],[],unset,['无名花'],['普通'],True
6163aa9c0f1bb800011b9705,unset,[],[],unset,['羚羊'],['普通'],True
6163aa9b0f1bb800011b9703,unset,[],[],unset,['绘画工具'],['普通'],True
6163aa8c0f1bb800011b96f7,unset,[],[],unset,['女人'],['普通'],True
6161139b0f1bb800011b6b22,unset,[],[],unset,['汽车'],['普通'],True
616112530f1bb800011b6ae4,blend,[],[],blend,['厅堂内景'],['普通'],True
616112510f1bb800011b6ae2,unset,[],[],unset,['豹'],['普通'],True
61601d4e5ae4b80001f9d281,unset,[],[],unset,['中式建筑'],['普通'],True
61601d025ae4b80001f9d265,unset,[],[],unset,['鸟'],['普通'],True
615557e64c94c90001e8e89d,unset,[],[],unset,['女人'],['普通'],True
6155365a4c94c90001e8e2ad,special,[],[],special,['汽车'],['一般彩绘'],True
615442954c94c90001e8c6cc,unset,[],[],unset,['男人'],['普通'],True
6154428c4c94c90001e8c6bf,unset,[],[],unset,['无名花'],['普通'],True
6154429c4c94c90001e8c6d6,unset,[],[],unset,['火车'],['普通'],True
615442974c94c90001e8c6ce,unset,[],[],unset,['汽车'],['普通'],True
615442814c94c90001e8c6a5,unset,[],[],unset,['早餐'],['普通'],True
6154427d4c94c90001e8c6a0,unset,[],[],unset,['混合蔬果'],['普通'],True
6154427c4c94c90001e8c69e,unset,[],[],unset,['中式建筑'],['普通'],True
6154427a4c94c90001e8c69b,blend,[],[],blend,['咖啡茶饮'],['普通'],True
615406894c94c90001e8afba,unset,[],[],unset,['咖啡茶饮'],['普通'],True
615174a54c94c90001e84cf0,blend,[],[],blend,['女人'],['普通'],True
61515fdf4c94c90001e845a4,unset,[],[],unset,['箱包'],['普通'],True
6151488d4c94c90001e84314,special,[],[],special,['女人'],['一般彩绘'],True
615012a538e2c5000165c0b6,blend,[],['无线框'],blend,['无名画作'],"['普通', '无线框']",True
6150128138e2c5000165c0b2,mystery,[],['无线框'],mystery,['花篮'],"['普通', '无线框']",True
614d74ac38e2c5000165830e,special,[],[],special,['天气'],['一般彩绘'],True
614c001338e2c5000165520d,unset,[],[],unset,['男人'],['普通'],True
614b066f38e2c5000165415a,unset,[],[],unset,['女人'],['普通'],True
614b065d38e2c5000165414c,unset,[],[],unset,['首饰杂汇'],['普通'],True
614af18a38e2c50001653b2c,unset,[],[],unset,['女人'],['普通'],True
614af18338e2c50001653b2a,unset,[],[],unset,['女人'],['普通'],True
614ac66638e2c50001653271,special,[],['无线框'],special,['排球'],"['普通', '无线框']",True
614ac66038e2c5000165326d,blend,[],['无线框'],blend,['无名画作'],"['普通', '无线框']",True
6145870b38e2c5000164fbb0,unset,[],[],unset,['女人'],['普通'],True
6145571138e2c5000164f1d7,blend,[],[],blend,['男人'],['普通'],True
613f14b738e2c50001642fa0,unset,[],[],unset,['汽车'],['普通'],True
613f00db38e2c50001642a64,unset,[],[],unset,['女人'],['普通'],True
613f00d338e2c50001642a60,unset,[],['无线框'],unset,['无名画作'],"['普通', '无线框']",True
613ebcb038e2c50001642048,special,[],[],special,['汽车'],['一般彩绘'],True
613ac11838e2c5000163db5c,unset,[],[],unset,['女人'],['普通'],True
613ac11e38e2c5000163db62,unset,[],[],unset,['女人'],['普通'],True
613ac0ee38e2c5000163db3b,unset,[],[],unset,['女人'],['普通'],True
613ac0e838e2c5000163db35,unset,[],[],unset,['女人'],['普通'],True
6136e51438e2c50001636afd,blend,[],['无线框'],blend,['飞船'],"['普通', '无线框']",True
6131f4c738e2c500016336a7,unset,[],[],unset,['奶茶果汁'],['普通'],True
6131f4b838e2c5000163369a,blend,[],['无线框'],blend,['汽车'],"['普通', '无线框']",True
6131f43c38e2c50001633682,unset,[],[],unset,['鹿'],['普通'],True
612c804938e2c50001627fd9,blend,[],['无线框'],blend,['女人'],"['普通', '无线框']",True
612c401038e2c50001627025,blend,[],[],blend,['男人'],['普通'],True
612630be38e2c5000161df61,unset,[],[],unset,['城堡宫殿'],['普通'],True
6125bd3a38e2c5000161ac41,special,[],[],special,['湖'],['一般彩绘'],True
612379086cc22c000125d3f8,special,[],[],special,['快餐'],['一般彩绘'],True
61230b4d6cc22c000125af45,unset,[],[],unset,['女人'],['普通'],True
611f9ad26cc22c00012592f0,unset,[],[],unset,['女人'],['普通'],True
611f9ad16cc22c00012592ee,unset,[],[],unset,['女人'],['普通'],True
611e3edb6cc22c0001254f61,special,[],[],special,['厅堂内景'],['一般彩绘'],True
611e3d886cc22c0001254efc,blend,[],['无线框'],blend,['无名花'],"['普通', '无线框']",True
611e18546cc22c0001253bf3,unset,[],[],unset,['豹'],['普通'],True
611a4a826cc22c0001249acb,blend,[],['无线框'],blend,['海浪'],"['普通', '无线框']",True
6119d7006cc22c0001246a56,unset,[],['无线框'],unset,['美妆'],"['普通', '无线框']",True
6116641e6cc22c0001244b09,unset,[],[],unset,['狗'],['普通'],True
6116641f6cc22c0001244b0b,blend,[],['无线框'],blend,['女人'],"['普通', '无线框']",True
611663fa6cc22c0001244af4,unset,[],[],unset,['厅堂内景'],['普通'],True
61152bb82154ad0001c06e1e,unset,[],[],unset,['丘陵'],['普通'],True
6111dfb52154ad0001bf9d27,unset,[],[],unset,['箱包'],['普通'],True
6107a6053bc75e00015ba52d,unset,[],[],unset,['丘陵'],['普通'],True
61026d2b3bc75e00015aff28,blend,[],['无线框'],blend,['无名画作'],"['普通', '无线框']",True
61010967d5b251000117f4e9,unset,[],[],unset,['厅堂内景'],['普通'],True
60fe52e530e2990001a16315,unset,[],[],unset,['早餐'],['普通'],True
60f8ddb430e2990001a0adb7,unset,[],[],unset,['女人'],['普通'],True
60f8ddde30e2990001a0ade2,unset,[],[],unset,['厅堂内景'],['普通'],True
60f8ddc730e2990001a0adcb,unset,[],[],unset,['鱼'],['普通'],True
60f8ddbd30e2990001a0adc1,unset,[],[],unset,['日式建筑'],['普通'],True
60f8ddab30e2990001a0adb1,unset,[],[],unset,['城堡宫殿'],['普通'],True
60f8dda630e2990001a0adad,unset,[],[],unset,['猫'],['普通'],True
60f51ed84834d0000173f720,blend,[],['无线框'],blend,['鸟'],"['普通', '无线框']",True
60f1025afcc68e0001582fc6,unset,[],[],unset,['男人'],['普通'],True
60f1021efcc68e0001582f83,unset,[],['无线框'],unset,['花篮'],"['普通', '无线框']",True
60f101effcc68e0001582f72,special,[],[],special,['女人'],['一般彩绘'],True
60e83619fcc68e0001573360,unset,[],[],unset,['女人'],['普通'],True
60e5540cfcc68e000156bd77,unset,[],[],unset,['奶茶果汁'],['普通'],True
60deaeb7fcc68e00015634f7,unset,[],[],unset,['厅堂内景'],['普通'],True
60db03264161f90001b67ec9,unset,[],[],unset,['箱包'],['普通'],True
60db03244161f90001b67ec7,unset,[],[],unset,['船'],['普通'],True
60db031a4161f90001b67eb7,unset,[],[],unset,['鞋'],['普通'],True
60db030b4161f90001b67ead,unset,[],[],unset,['女人'],['普通'],True
60d97ca84161f90001b6620e,unset,[],[],unset,['高楼大厦'],['普通'],True
60d97cc84161f90001b6621a,unset,[],[],unset,['鞋'],['普通'],True
60d97c6c4161f90001b66204,unset,[],[],unset,['女人'],['普通'],True
60d97c604161f90001b661fc,unset,[],[],unset,['丘陵'],['普通'],True
60d97c594161f90001b661f6,unset,[],[],unset,['厅堂内景'],['普通'],True
60cc798956d373000121d86a,unset,[],[],unset,['男人'],['普通'],True
60cc797656d373000121d854,unset,[],[],unset,['鸟'],['普通'],True
60cc796f56d373000121d84f,unset,[],[],unset,['无名花'],['普通'],True
60cc796356d373000121d846,unset,[],[],unset,['汽车'],['普通'],True
60cc796556d373000121d84a,unset,[],[],unset,['厅堂内景'],['普通'],True
60cc796456d373000121d848,unset,[],[],unset,['鱼'],['普通'],True
60cc792556d373000121d829,unset,[],[],unset,['湖'],['普通'],True
60cc3d6f56d373000121cffa,unset,[],[],unset,['女人'],['普通'],True
60cacd94bdc97f000165ef53,unset,[],[],unset,['平铺'],['普通'],True
60cacd91bdc97f000165ef51,unset,[],[],unset,['男人'],['普通'],True
60cacd8ebdc97f000165ef4f,unset,[],[],unset,['花篮'],['普通'],True
60cacd83bdc97f000165ef49,unset,[],[],unset,['城堡宫殿'],['普通'],True
60cacd70bdc97f000165ef41,unset,[],[],unset,['男人'],['普通'],True
60c2d900bdc97f0001659648,special,[],[],special,['拳击'],['普通'],True
60c2d8eabdc97f0001659635,special,[],[],special,['船'],['一般彩绘'],True
60bf208abdc97f000165536e,unset,[],[],unset,['女人'],['普通'],True
60bf12ffbdc97f0001655143,unset,[],[],unset,['锦鲤'],['普通'],True
60bf101dbdc97f0001655026,unset,[],[],unset,['壁虎'],['普通'],True
60bf0f5fbdc97f0001654fd9,special,[],[],special,['汽车'],['一般彩绘'],True
60bf0d22bdc97f0001654f5b,special,[],[],special,['鸟'],['一般彩绘'],True
60b9ed0b812a9f000187375f,blend,[],[],blend,['河'],['普通'],True
60b7706a28b26400016e61fd,unset,[],[],unset,['世界环境日'],['普通'],True
60b7702128b26400016e61d2,unset,[],[],unset,['厅堂内景'],['普通'],True
60b7701d28b26400016e61ce,unset,[],[],unset,['美妆'],['普通'],True
60b7601628b26400016e5e38,blend,[],['无线框'],blend,['女人'],"['普通', '无线框']",True
60aa7fe0b6c3cf0001fab81a,unset,[],[],unset,['狗'],['普通'],True
60aa7feeb6c3cf0001fab826,unset,[],[],unset,['萨克斯风'],['普通'],True
609c9f1a15644d00014522fe,special,[],[],special,['女人'],['一般彩绘'],True
6099177c0fea79000181dfde,unset,[],[],unset,['绘画工具'],['普通'],True
607d5fec508bb20001b73ad3,unset,[],[],unset,['猫'],['普通'],True
607d5fd9508bb20001b73ac0,special,[],[],special,['猫'],['一般彩绘'],True
606c3c963b506c0001f4767f,special,[],[],special,['鞋'],['一般彩绘'],True
606c3c7e3b506c0001f47673,unset,[],[],unset,['汽车'],['普通'],True
606700123b506c0001f44ad0,unset,[],[],unset,['丘陵'],['普通'],True
6066fffa3b506c0001f44ac5,unset,[],[],unset,['丘陵'],['普通'],True
6062dd99c3b72f000147edc6,unset,[],[],unset,['困难'],[],True
6062dcb6c3b72f000147edb6,unset,[],[],unset,['豹'],['普通'],True
605d881b70582700011856a0,unset,[],[],unset,['无名花'],['普通'],True
605d881b705827000118566e,unset,[],[],unset,['无名花'],['普通'],True
62f24a25ddee5b0001a12c0c,unset,[],['ZenColor Daily'],unset,['城堡宫殿'],['ZenColor Daily'],True
62ec89e25b8089000159f3fb,unset,[],['ZenColor Daily'],unset,['海狸'],"['ZenColor Daily', '希望']",True
62e26fdf5b8089000158683a,unset,[],['ZenColor Daily'],unset,['好莱坞'],['ZenColor Daily'],True
62e7abe85b808900015906c5,unset,['夏威夷'],['ZenColor Daily'],unset,"['女人', '夏威夷']",['ZenColor Daily'],True
62ccd37b44dffc0001cd1a79,special,[],[],special,['猫'],"['希望', '一般彩绘']",True
628cdf8f8a23780001812eae,special,[],[],special,['厅堂内景'],['一般彩绘'],True
62ccd34e44dffc0001cd1a6c,special,[],[],special,['鸟'],['普通'],True
6295c408c8e2be0001c04f6c,special,[],[],special,['猫'],['Zen调性'],True
6281c60df5dc770001cfda77,special,[],[],special,['下午茶'],"['Zen调性', '一般彩绘']",True
62ba7a39eea90e00013bdbf2,unset,[],[],unset,"['爱', '女人']",['普通'],True
62abf8b49ad9c4000153297c,unset,[],[],unset,['汽车'],['普通'],True
61152bc12154ad0001c06e26,unset,[],[],unset,['女人'],['普通'],True
62a601439ff9b200019cd8e6,unset,[],[],unset,['无名花'],['普通'],True
6225dc422fbeaf000112b4bd,unset,[],[],unset,['厅堂内景'],['普通'],True
6218b5a447e8d40001f9ed03,unset,[],[],unset,['混合蔬果'],['普通'],True
61c3df9b6149bd0001370687,unset,[],[],unset,['抽象画风'],['投放素材'],True
62aaa5635f0b540001ff48cf,unset,[],[],unset,['女人'],['普通'],True
60fe52b630e2990001a16305,blend,[],[],blend,['女人'],['普通'],True
61515fc24c94c90001e84593,unset,[],[],unset,['厅堂内景'],['普通'],True
611d1dcc6cc22c00012516da,unset,[],[],unset,['高楼大厦'],['普通'],True
62615e5f91eb470001890d31,unset,[],[],unset,['汽车'],['普通'],True
624c543595d0f00001deaac4,unset,[],[],unset,['厅堂内景'],['普通'],True
628ce3418a23780001812f70,unset,[],[],unset,['汽车'],['普通'],True
61b00f1527f6cc000166647b,unset,[],[],unset,['男人'],['普通'],True
626b5327751b7c0001763344,unset,[],[],unset,"['狗', '猫']",['普通'],True
6218b59747e8d40001f9ece0,unset,[],[],unset,['鸟'],['普通'],True
62564db895d0f00001e0510e,unset,[],[],unset,['男人'],['普通'],True
6114f22b2154ad0001c05cd6,unset,[],[],unset,['厅堂内景'],['普通'],True
62280e212fbeaf000113122a,unset,[],[],unset,['女人'],['普通'],True
62286db02fbeaf00011343e3,unset,[],[],unset,['汽车'],['普通'],True
620f3f8bf28c8400018a0eda,unset,[],[],unset,['厅堂内景'],['普通'],True
6247348895d0f00001de4ee9,unset,[],[],unset,['平铺'],['普通'],True
61d3b0978c549f0001c3b6da,unset,[],[],unset,['无名花'],['普通'],True
624734c095d0f00001de4eff,unset,[],[],unset,['女人'],['普通'],True
6252e36395d0f00001dfa347,unset,[],[],unset,['无名花'],['普通'],True
621c7b1247e8d40001fa3a4a,unset,[],[],unset,['厅堂内景'],['普通'],True
6225d8ad2fbeaf000112b1ed,unset,[],[],unset,['女人'],['普通'],True
621c9bac47e8d40001fa58f1,unset,[],[],unset,['无名花'],['普通'],True
623dbfc2d2f8f7000129fb03,unset,[],[],unset,['中国舞狮'],['普通'],True
62349d500f0b9b00012074bb,unset,[],[],unset,['厅堂内景'],['普通'],True
6234a07e0f0b9b00012074fb,unset,[],[],unset,['女人'],['普通'],True
6194b9192ab761000172eb1d,unset,[],[],unset,['猫'],['普通'],True
6225dc562fbeaf000112b4de,unset,[],[],unset,['湖'],['普通'],True
622b3c5e0f0b9b00011ee112,unset,[],[],unset,['汽车'],['普通'],True
61a980fa27f6cc000165445f,unset,[],[],unset,['混合蔬果'],['普通'],True
6234a0840f0b9b0001207501,unset,[],[],unset,['男人'],['普通'],True
621c7b0d47e8d40001fa3a45,unset,[],[],unset,['桥梁灯塔'],['普通'],True
6225d9432fbeaf000112b24a,unset,[],[],unset,['无名花'],['普通'],True
6225dc522fbeaf000112b4d9,unset,[],[],unset,['鱼'],['普通'],True
62286dab2fbeaf00011343df,unset,[],[],unset,['厅堂内景'],['普通'],True
61cc562a8be0430001bc4b68,unset,[],[],unset,['城堡宫殿'],['普通'],True
61dea92e85bc0c00010d83d1,unset,[],[],unset,['平铺'],['普通'],True
6215a45786d48b0001c65f74,unset,[],[],unset,['汽车'],['普通'],True
61b955e8bc452d0001abd183,unset,[],[],unset,['猫'],['普通'],True
61b955e3bc452d0001abd17d,unset,[],[],unset,['无名花'],['普通'],True
61d6a7905beb070001346d11,unset,[],[],unset,['无名花'],['普通'],True
620f3f59f28c8400018a0ead,unset,[],[],unset,['汽车'],['普通'],True
6140443338e2c50001644aa0,unset,[],[],unset,['女人'],['普通'],True
620f3f65f28c8400018a0eba,unset,[],[],unset,['厅堂内景'],['普通'],True
61d537cf9640fb000106a6a1,unset,[],[],unset,['茶杯水壶'],['普通'],True
61efa35380bf1b0001df774b,blend,[],[],blend,['鹿'],['普通'],True
62032781f28c84000187ad95,unset,[],[],unset,['无名花'],['普通'],True
61dea95185bc0c00010d83ed,unset,[],[],unset,['桥梁灯塔'],['普通'],True
61d537d99640fb000106a6a9,blend,[],[],blend,['桥梁灯塔'],['普通'],True
61bae608bc452d0001ac410e,unset,[],[],unset,['猫'],['普通'],True
61b17b2d27f6cc000166dc23,unset,[],[],unset,['女人'],['普通'],True
61e697f685bc0c00010f1150,unset,[],[],unset,['河'],['普通'],True
61d7cddf85bc0c00010c3fcd,unset,[],[],unset,['中式建筑'],['普通'],True
61c9a24df44420000167c919,unset,[],[],unset,['鸟'],['普通'],True
61bae606bc452d0001ac4107,unset,[],[],unset,['猫'],['普通'],True
61b2d22338799c00012fa742,unset,[],[],unset,['平铺'],['普通'],True
61dea95385bc0c00010d83ef,unset,[],[],unset,['船'],[],True
61712c0289be730001dd2e1f,unset,[],[],unset,['汽车'],['普通'],True
60ff696830e2990001a19319,unset,[],[],unset,['男人'],['普通'],True
6184f55f817dd700013ea97a,unset,[],[],unset,['汽车'],['普通'],True
61cea8418be0430001bcf296,unset,[],[],unset,['女人'],['普通'],True
61a7409c27f6cc000164c910,unset,[],[],unset,['厅堂内景'],['普通'],True
61663e8a0f1bb800011be822,unset,[],[],unset,['城堡宫殿'],['普通'],True
619366da2ab7610001729963,unset,[],[],unset,['汽车'],['普通'],True
61cc561a8be0430001bc4b5e,unset,['字母文案'],[],unset,"['字母文案', '新年']",['普通'],True
615160574c94c90001e845f7,unset,[],[],unset,['猫'],['普通'],True
614b065738e2c50001654145,unset,[],[],unset,['女人'],['普通'],True
61b9560cbc452d0001abd1b6,unset,[],[],unset,"['咖啡茶饮', '圣诞节']",['普通'],True
61b9a51ebc452d0001abf97d,unset,[],[],unset,"['鸟', '圣诞节']",['普通'],True
61b9a51bbc452d0001abf973,unset,['水晶球'],[],unset,"['水晶球', '圣诞节']",['普通'],True
613ebced38e2c50001642057,unset,[],[],unset,['狗'],['普通'],True
60d97c3e4161f90001b661e4,unset,[],[],unset,['女人'],['普通'],True
6163aa850f1bb800011b96ee,unset,[],[],unset,['汽车'],['普通'],True
6181142cbfbaf10001c18b88,unset,[],[],unset,['女人'],['普通'],True
612c805838e2c50001627fdf,unset,[],[],unset,['猫'],['普通'],True
618ba346c709ce00015a49b7,unset,[],[],unset,['感恩节'],['普通'],True
60ff696330e2990001a19317,special,[],[],special,['猫'],['普通'],True
612dee5738e2c5000162b69c,unset,[],[],unset,['狗'],['普通'],True
6136e50c38e2c50001636af2,unset,[],[],unset,['女人'],['普通'],True
60ffc217d5b251000117b5ea,special,[],['无线框'],special,['首饰杂汇'],"['普通', '无线框']",True
616e31fd36ba6f00017ff0bf,unset,[],[],unset,['湖'],['普通'],True
611646be6cc22c0001243e65,unset,[],[],unset,['女人'],['普通'],True
608a726d0fea790001811f32,unset,[],[],unset,['鸟'],['普通'],True
616e31fa36ba6f00017ff0bd,unset,[],[],unset,['厅堂内景'],['普通'],True
60f10216fcc68e0001582f7f,unset,[],[],unset,['狗'],['普通'],True
605d881a7058270001185627,unset,[],['试新素材'],unset,"['困难', '厅堂内景']","['试新素材', '普通', '黑白线框']",True
605d881a7058270001185633,unset,[],[],unset,['鞋'],['普通'],True
60bf1017bdc97f0001655021,unset,[],[],unset,['男人'],['普通'],True
611d1dcd6cc22c00012516de,unset,[],[],unset,['汽车'],['普通'],True
60ffb986d5b251000117b08b,unset,[],[],unset,['鸟'],['普通'],True
60d97c484161f90001b661ea,unset,[],[],unset,['沙漏钟表'],['普通'],True
60d97c4e4161f90001b661ee,unset,[],[],unset,['混合蔬果'],['普通'],True
6131f50a38e2c500016336d3,unset,[],[],unset,['厅堂内景'],['普通'],True
60d97c464161f90001b661e8,unset,[],[],unset,['咖啡茶饮'],['普通'],True
60c2d8cdbdc97f000165961a,unset,[],[],unset,['男人'],['普通'],True
61010974d5b251000117f4ee,unset,[],[],unset,['女人'],['普通'],True
60f14c924834d0000173ae58,unset,[],[],unset,['狗'],['普通'],True
615160604c94c90001e845fb,unset,[],[],unset,['无名花'],['普通'],True
60fa755f30e2990001a10c17,blend,[],['无线框'],blend,['鸟'],"['普通', '无线框']",True
60b8aa3ca745bb00016968e2,unset,[],[],unset,['厅堂内景'],['普通'],True
60f14c664834d0000173ae28,unset,[],[],unset,['女人'],['普通'],True
611e18896cc22c0001253c13,unset,[],[],unset,['鸟'],['普通'],True
613583d338e2c50001635159,unset,[],[],unset,['汽车'],['普通'],True
610cd2993bc75e00015c99b5,unset,[],[],unset,['厅堂内景'],['普通'],True
6135f28138e2c50001635e05,unset,[],[],unset,['汽车'],['普通'],True
6101098bd5b251000117f4fb,unset,[],['无线框'],unset,['咖啡茶饮'],"['普通', '无线框']",True
6114f20d2154ad0001c05c9a,unset,[],[],unset,['丘陵'],['普通'],True
6131f51138e2c500016336d5,unset,[],[],unset,['厅堂内景'],['普通'],True
611664986cc22c0001244b37,unset,[],[],unset,['花篮'],['普通'],True
60bedfe9bdc97f0001654875,unset,[],[],unset,['城堡宫殿'],['普通'],True
6119d24a6cc22c00012468a5,blend,[],[],blend,['汽车'],['普通'],True
61139ec32154ad0001c0197a,unset,[],[],unset,['鸟'],['普通'],True
6119d6ff6cc22c0001246a54,unset,[],[],unset,['奶茶果汁'],['普通'],True
61152bb62154ad0001c06e1a,unset,[],[],unset,['厅堂内景'],['普通'],True
6111dfc62154ad0001bf9d33,blend,[],[],blend,['狗'],['普通'],True
60bf513abdc97f0001655d77,unset,[],[],unset,['女人'],['普通'],True
610a04723bc75e00015c0bd1,unset,[],[],unset,['时装'],['普通'],True
60aa805ab6c3cf0001fab835,unset,[],[],unset,['鸟'],['普通'],True
60bf5135bdc97f0001655d73,unset,[],[],unset,['奶茶果汁'],['普通'],True
60bf1015bdc97f000165501f,unset,[],[],unset,['女人'],['普通'],True
60f14c5e4834d0000173ae1f,unset,[],[],unset,['狗'],['普通'],True
610a07713bc75e00015c0cbc,unset,[],[],unset,['花篮'],['普通'],True
60cc797756d373000121d856,unset,[],[],unset,['鸟'],['普通'],True
6098f9160fea79000181d85f,unset,[],[],unset,['女人'],['普通'],True
60b7605728b26400016e5e58,unset,[],[],unset,['猫'],['普通'],True
60f14c8d4834d0000173ae54,unset,[],[],unset,['丘陵'],['普通'],True
6066dac43b506c0001f4412e,unset,[],[],unset,['女人'],['普通'],True
60f14c814834d0000173ae48,unset,[],[],unset,['汽车'],['普通'],True
60cc791e56d373000121d821,unset,[],[],unset,['羚羊'],['普通'],True
60db03214161f90001b67ebf,unset,[],[],unset,['鸟'],['普通'],True
60d97c664161f90001b66202,unset,[],[],unset,['无名花'],['普通'],True
60e54513fcc68e000156b980,unset,[],[],unset,['女人'],['普通'],True
608a720b0fea790001811ee5,unset,[],[],unset,['鱼'],['普通'],True
60db03084161f90001b67eab,unset,[],[],unset,['女人'],['普通'],True
60d97c3c4161f90001b661e2,unset,[],[],unset,['花篮'],['普通'],True
60db031f4161f90001b67ebd,unset,[],[],unset,['树木'],['普通'],True
60d97c544161f90001b661f2,unset,[],[],unset,['女人'],['普通'],True
60cc794156d373000121d83d,unset,[],[],unset,['咖啡茶饮'],['普通'],True
60cacd76bdc97f000165ef46,unset,[],[],unset,['河'],['普通'],True
60cc796156d373000121d844,unset,[],[],unset,['爱心'],['普通'],True
60cc793f56d373000121d83b,unset,[],[],unset,['无名花'],['普通'],True
60b770e828b26400016e621f,unset,[],[],unset,['猫'],['普通'],True
606edd4f3b506c0001f4acd0,unset,[],[],unset,['猫'],['普通'],True
60aa7fe8b6c3cf0001fab820,unset,[],[],unset,['厅堂内景'],['普通'],True
6062dce7c3b72f000147edba,unset,[],[],unset,['困难'],[],True
609387c10fea7900018166a9,unset,[],[],unset,['时装'],['普通'],True
605d881b7058270001185679,unset,[],[],unset,['困难'],[],True
605d881b7058270001185673,unset,[],[],unset,['困难'],[],True
605d881a7058270001185626,unset,[],['试新素材'],unset,"['困难', '丘陵']","['试新素材', '普通', '黑白线框']",True
6077fa9088b01b00010d0be3,unset,['曼陀罗'],[],unset,"['困难', '曼陀罗']","['曼陀罗+', '普通', '黑白线框']",True
6077faba88b01b00010d0be5,unset,['花束'],[],unset,"['困难', '花束']","['曼陀罗+', '普通', '黑白线框']",True
6077fb3588b01b00010d0beb,unset,['西方龙'],[],unset,"['困难', '西方龙']","['普通', '黑白线框']",True
6077fb5e88b01b00010d0bed,unset,[],[],unset,['女人'],"['普通', '黑白线框', '曼陀罗+']",True
6077fb8788b01b00010d0bef,unset,['山陵'],[],unset,"['困难', '山陵']","['普通', '黑白线框']",True
6077fd5488b01b00010d0c07,unset,['独栋房屋'],[],unset,"['困难', '独栋房屋']","['曼陀罗+', '普通', '黑白线框']",True
6077fd7d88b01b00010d0c09,unset,[],[],unset,['女人'],"['普通', '黑白线框']",True
6077fda688b01b00010d0c0b,unset,[],['边缘卡点素材'],unset,"['困难', '女人']","['边缘卡点素材', '普通', '黑白线框']",True
6077fdd688b01b00010d0c0f,unset,[],[],unset,"['困难', '印第安土著']","['普通', '黑白线框']",True
6077fe0188b01b00010d0c11,unset,[],[],unset,"['困难', '沙漏钟表']","['黑白线框', '普通']",True
6077fe2a88b01b00010d0c13,unset,['蜻蜓'],['试新素材'],unset,"['困难', '蜻蜓']","['试新素材', '普通', '黑白线框']",True
6077f58d88b01b00010d0b9d,unset,['蝴蝶'],[],unset,"['困难', '蝴蝶']","['曼陀罗+', '普通', '黑白线框']",True
6077f4b888b01b00010d0b91,unset,['捕梦网'],[],unset,"['困难', '捕梦网']","['曼陀罗+', '普通', '黑白线框']",True
6077fae388b01b00010d0be7,unset,['曼陀罗'],[],unset,"['困难', '曼陀罗']","['普通', '黑白线框', '曼陀罗+']",True
6077fa1588b01b00010d0bdd,unset,['花束'],[],unset,"['困难', '花束']","['曼陀罗+', '普通', '黑白线框']",True
6077f9eb88b01b00010d0bdb,unset,['皇冠'],[],unset,"['困难', '皇冠']","['BP复用', '普通', '黑白线框']",True
6077f9c288b01b00010d0bd9,unset,['八音盒'],[],unset,"['困难', '八音盒']","['曼陀罗+', '普通', '黑白线框']",True
6077f99888b01b00010d0bd7,unset,['曼陀罗'],[],unset,"['困难', '曼陀罗']","['普通', '黑白线框']",True
6077f96d88b01b00010d0bd5,unset,['猫头鹰'],[],unset,"['困难', '猫头鹰']","['BP复用', '普通', '黑白线框']",True
6077f91388b01b00010d0bcf,unset,[],[],unset,['汽车'],"['普通', '黑白线框']",True
6077f8c188b01b00010d0bcb,unset,['日月'],[],unset,"['困难', '日月']","['曼陀罗+', '普通', '黑白线框']",True
6077f83c88b01b00010d0bc3,unset,[],['每周收集活动'],unset,['猫'],"['每周收集活动', '普通', '黑白线框']",True
6077f81388b01b00010d0bc1,unset,['心形'],[],unset,"['困难', '心形']","['BP复用', '普通', '黑白线框']",True
6077f7ec88b01b00010d0bbf,unset,[],['试新素材'],unset,['厅堂内景'],"['试新素材', '普通', '黑白线框']",True
6077f7c388b01b00010d0bbd,unset,['字母文案'],['离散卡点素材'],unset,"['困难', '字母文案']","['离散卡点素材', '普通', '黑白线框']",True
6077f76e88b01b00010d0bb9,unset,['独栋房屋'],['每周收集活动'],unset,"['困难', '独栋房屋']","['每周收集活动', '普通', '黑白线框']",True
6077f71488b01b00010d0bb3,unset,['字母文案'],[],unset,"['字母文案', '波普风']","['普通', '黑白线框']",True
6077f69588b01b00010d0bad,unset,['树屋'],['试新素材'],unset,"['困难', '树屋']","['试新素材', '普通', '黑白线框']",True
6077f66688b01b00010d0ba9,unset,[],[],unset,['女人'],"['真人贴纸', '普通', '黑白线框']",True
6077f61388b01b00010d0ba5,unset,[],[],unset,['黑人'],"['普通', '黑白线框']",True
6077f5e188b01b00010d0ba1,unset,['曼陀罗'],[],unset,"['困难', '曼陀罗']","['曼陀罗+', '普通', '黑白线框']",True
6077f5b688b01b00010d0b9f,unset,['曼陀罗'],[],unset,"['困难', '曼陀罗']","['普通', '黑白线框']",True
6077f56488b01b00010d0b9b,unset,['蝴蝶'],['挑战图片'],unset,"['困难', '蝴蝶']","['挑战图片', '普通', '黑白线框']",True
6077f4e888b01b00010d0b95,unset,[],[],unset,"['彩妆', '万圣节']","['万圣节', '普通', '黑白线框']",True
6077f4e188b01b00010d0b93,unset,['心形'],[],unset,"['困难', '心形']","['曼陀罗+', '普通', '黑白线框']",True
6077f48f88b01b00010d0b8f,unset,['天鹅'],[],unset,"['困难', '天鹅']","['曼陀罗+', '普通', '黑白线框']",True
6077f46588b01b00010d0b8d,unset,['眼睛'],[],unset,"['困难', '眼睛']","['黑白线框', '普通']",True
6077f43c88b01b00010d0b8b,unset,['漂流瓶'],[],unset,"['困难', '漂流瓶']","['曼陀罗+', '普通', '黑白线框']",True
6077f41488b01b00010d0b89,unset,[],[],unset,"['桥梁灯塔', '日落']","['普通', '黑白线框']",True
6077f3ed88b01b00010d0b87,unset,['心形'],[],unset,"['困难', '心形']","['曼陀罗+', '普通', '黑白线框']",True
6077f3c288b01b00010d0b85,unset,['狐狸'],[],unset,"['困难', '狐狸']","['普通', '黑白线框', '曼陀罗+']",True
6077f39988b01b00010d0b83,unset,[],[],unset,['猫'],"['曼陀罗+', '普通', '黑白线框']",True
6077f2f588b01b00010d0b7b,unset,[],[],unset,['快餐'],"['普通', '黑白线框']",True
6077f2cc88b01b00010d0b79,unset,[],[],unset,['猫'],"['普通', '黑白线框']",True
6077f2a388b01b00010d0b77,unset,['向日葵'],[],unset,"['困难', '向日葵']","['曼陀罗+', '普通', '黑白线框']",True
6077f29c88b01b00010d0b75,unset,['曼陀罗'],[],unset,"['困难', '曼陀罗']","['曼陀罗+', '普通', '黑白线框']",True
6077f27288b01b00010d0b73,unset,['棋'],[],unset,"['困难', '棋']","['普通', '黑白线框']",True
6077f24888b01b00010d0b71,unset,['彩虹'],[],unset,"['困难', '彩虹']","['普通', '黑白线框']",True
6077f24188b01b00010d0b6f,unset,['多人'],[],unset,"['多人', '爱']","['普通', '黑白线框']",True
6077f21888b01b00010d0b6d,unset,['生日蛋糕'],[],unset,"['困难', '生日蛋糕']","['普通', '黑白线框']",True
6077f1ec88b01b00010d0b6b,unset,['老虎'],[],unset,"['困难', '老虎']","['普通', '黑白线框']",True
6077f1c188b01b00010d0b69,unset,['羽毛'],[],unset,"['困难', '羽毛']","['普通', '黑白线框']",True
6077f1b888b01b00010d0b67,unset,[],[],unset,['咖啡茶饮'],"['普通', '黑白线框']",True
6077f15f88b01b00010d0b61,unset,['莲花'],[],unset,"['困难', '莲花']","['普通', '黑白线框', '曼陀罗+']",True
607567a9e4b2f100017176cf,unset,['心形'],[],unset,"['困难', '心形']","['曼陀罗+', '普通', '黑白线框']",True
60756780e4b2f100017176cd,unset,[],[],unset,"['困难', '女人']","['黑白线框', '普通']",True
60756758e4b2f100017176cb,unset,[],[],unset,['狗'],"['普通', '黑白线框']",True
60756730e4b2f100017176c9,unset,[],[],unset,['汽车'],"['黑白线框', '普通']",True
60756705e4b2f100017176c7,unset,['向日葵'],[],unset,"['困难', '向日葵']","['曼陀罗+', '普通', '黑白线框']",True
607566dde4b2f100017176c5,unset,[],[],unset,['足球橄榄球'],"['普通', '黑白线框']",True
607566d7e4b2f100017176c3,unset,['字母文案'],[],unset,"['困难', '字母文案']","['普通', '黑白线框']",True
607566aee4b2f100017176c1,unset,[],['边缘卡点素材'],unset,['鹿'],"['边缘卡点素材', '普通', '黑白线框']",True
6075665be4b2f100017176bd,unset,['狼'],[],unset,"['困难', '狼']","['普通', '黑白线框']",True
60756633e4b2f100017176bb,unset,[],['试新素材'],unset,"['困难', '手机电话']","['试新素材', '黑白线框', '普通']",True
60756592e4b2f100017176b3,unset,[],[],unset,"['困难', '汽车']","['曼陀罗+', '普通', '黑白线框']",True
60756569e4b2f100017176b1,unset,['多种首饰'],[],unset,"['困难', '多种首饰']","['普通', '黑白线框']",True
60756541e4b2f100017176af,unset,['曼陀罗'],[],unset,"['困难', '曼陀罗']","['曼陀罗+', '普通', '黑白线框']",True
6075651ae4b2f100017176ad,unset,[],[],unset,['几何小屋'],"['普通', '黑白线框']",True
60756401e4b2f1000171769f,unset,[],[],unset,['汽车'],"['普通', '黑白线框']",True
607563d8e4b2f1000171769d,unset,[],['试新素材'],unset,"['困难', '汽车']","['试新素材', '普通', '黑白线框', '曼陀罗+']",True
60756386e4b2f10001717699,unset,[],[],unset,['楼梯'],"['普通', '黑白线框']",True
6075635ee4b2f10001717697,unset,[],[],unset,['女人'],"['普通', '黑白线框']",True
6075628fe4b2f1000171768b,unset,[],[],unset,"['困难', '火车']","['普通', '黑白线框']",True
60756260e4b2f10001717687,unset,['心形'],[],unset,"['心形', '夜晚']","['普通', '黑白线框']",True
6075625ce4b2f10001717685,unset,['树叶'],[],unset,"['困难', '树叶']","['普通', '黑白线框']",True
60756204e4b2f1000171767f,unset,[],[],unset,"['困难', '钓鱼']","['曼陀罗+', '普通', '黑白线框']",True
60756112e4b2f10001717673,unset,['仙女精灵'],[],unset,"['困难', '仙女精灵']","['普通', '黑白线框']",True
607560eae4b2f10001717671,unset,['蝴蝶'],[],unset,"['困难', '蝴蝶']","['普通', '黑白线框']",True
607560c0e4b2f1000171766f,unset,['曼陀罗'],[],unset,"['困难', '曼陀罗']","['普通', '黑白线框', '曼陀罗+']",True
60756096e4b2f1000171766d,unset,[],[],unset,"['困难', '圣诞节']","['圣诞节', '普通', '黑白线框']",True
60755ff3e4b2f10001717665,unset,['字母文案'],[],unset,"['困难', '字母文案']","['曼陀罗+', '普通', '黑白线框']",True
60755fcae4b2f10001717663,unset,['桌面摆件'],[],unset,"['困难', '桌面摆件']","['曼陀罗+', '黑白线框', '普通']",True
60755fa2e4b2f10001717661,unset,['心形'],[],unset,"['困难', '心形']","['普通', '黑白线框']",True
60755f79e4b2f1000171765f,unset,[],[],unset,"['困难', '骑马']","['普通', '黑白线框']",True
60755f29e4b2f1000171765b,unset,['灯饰'],[],unset,"['困难', '灯饰']","['BP复用', '普通', '黑白线框']",True
60755ed9e4b2f10001717657,unset,['企鹅'],['离散卡点素材'],unset,"['困难', '企鹅']","['离散卡点素材', '普通', '黑白线框']",True
60755eb0e4b2f10001717655,unset,[],[],unset,"['湖', '日落']","['普通', '黑白线框']",True
60755e88e4b2f10001717653,unset,['多种首饰'],[],unset,"['困难', '多种首饰']","['普通', '黑白线框']",True
60755e5fe4b2f10001717651,unset,['摩托车'],[],unset,"['困难', '摩托车']","['普通', '黑白线框']",True
60755e35e4b2f1000171764f,unset,['心形'],[],unset,"['困难', '心形']","['普通', '黑白线框']",True
60755de4e4b2f1000171764b,unset,['独栋房屋'],[],unset,"['困难', '独栋房屋']","['BP复用', '普通', '黑白线框']",True
60755d93e4b2f10001717647,unset,['大提琴'],[],unset,"['困难', '大提琴']","['曼陀罗+', '普通', '黑白线框']",True
60755d42e4b2f10001717643,unset,['独栋房屋'],['试新素材'],unset,"['困难', '独栋房屋']","['试新素材', '普通', '黑白线框']",True
60755d1be4b2f10001717641,unset,"['马赛克', '心形']",[],unset,"['困难', '马赛克', '心形']","['普通', '黑白线框']",True
60755cf1e4b2f1000171763f,unset,"['四季', '马赛克']",[],unset,"['困难', '四季', '马赛克']","['曼陀罗+', '普通', '黑白线框']",True
60755cc9e4b2f1000171763d,unset,['田野'],[],unset,"['困难', '田野', '日落']","['曼陀罗+', '普通', '黑白线框']",True
60755bfee4b2f10001717633,unset,['钻石'],[],unset,"['困难', '钻石']","['普通', '黑白线框']",True
60755bd6e4b2f10001717631,unset,[],[],unset,['汽车'],"['黑白线框', '普通']",True
60755bace4b2f1000171762f,unset,[],['离散卡点素材'],unset,"['困难', '女人']","['普通', '黑白线框', '离散卡点素材']",True
60755a8ae4b2f1000171761f,unset,['蝴蝶'],[],unset,"['困难', '蝴蝶']","['曼陀罗+', '普通', '黑白线框']",True
60755a38e4b2f1000171761b,unset,['独栋房屋'],[],unset,"['困难', '独栋房屋']","['曼陀罗+', '普通', '黑白线框']",True
607559e8e4b2f10001717617,unset,['大象'],[],unset,"['困难', '大象']","['曼陀罗+', '普通', '黑白线框']",True
607559c0e4b2f10001717615,unset,"['三叶草/四叶草', '箴言']",[],unset,"['困难', '三叶草/四叶草', '箴言']","['普通', '黑白线框', '曼陀罗+']",True
6075594ae4b2f1000171760f,unset,[],[],unset,['咖啡茶饮'],"['黑白线框', '普通']",True
607556cbe4b2f100017175bd,unset,[],[],unset,['困难'],[],True
607555c2e4b2f10001717581,unset,['钻石'],[],unset,"['钻石', '简单']","['普通', '黑白线框']",True
